-- phpMyAdmin SQL Dump
-- version 5.2.1
-- https://www.phpmyadmin.net/
--
-- Host: 127.0.0.1
-- Generation Time: Jan 08, 2026 at 10:03 AM
-- Server version: 10.4.32-MariaDB
-- PHP Version: 8.0.30

SET SQL_MODE = "NO_AUTO_VALUE_ON_ZERO";
START TRANSACTION;
SET time_zone = "+00:00";


/*!40101 SET @OLD_CHARACTER_SET_CLIENT=@@CHARACTER_SET_CLIENT */;
/*!40101 SET @OLD_CHARACTER_SET_RESULTS=@@CHARACTER_SET_RESULTS */;
/*!40101 SET @OLD_COLLATION_CONNECTION=@@COLLATION_CONNECTION */;
/*!40101 SET NAMES utf8mb4 */;

--
-- Database: `worksad`
--

-- --------------------------------------------------------

--
-- Table structure for table `admin_logs`
--

CREATE TABLE `admin_logs` (
  `log_id` int(11) NOT NULL,
  `admin_id` int(11) NOT NULL,
  `action` text NOT NULL,
  `created_at` datetime NOT NULL
) ENGINE=InnoDB DEFAULT CHARSET=utf8mb4 COLLATE=utf8mb4_general_ci;

--
-- Dumping data for table `admin_logs`
--

INSERT INTO `admin_logs` (`log_id`, `admin_id`, `action`, `created_at`) VALUES
(1, 8, 'Archived job ID 5', '2025-12-01 20:56:58'),
(2, 8, 'Restored job ID 5', '2025-12-01 20:57:04'),
(3, 8, 'Archived job ID 5', '2025-12-01 21:11:49'),
(4, 8, 'Restored job ID 5', '2025-12-01 21:11:52'),
(5, 8, 'Archived job ID 5', '2025-12-01 21:12:43'),
(6, 8, 'Restored job ID 5', '2025-12-01 21:12:46'),
(7, 8, 'Updated user #15 (dranbuhaluh@gmail.com)', '2025-12-01 21:18:48'),
(8, 8, 'Logout: Signed out from admin portal', '2025-12-02 19:33:48'),
(9, 8, 'Login: Signed in successfully', '2025-12-02 19:54:09'),
(12, 8, 'Logout: Signed out from admin portal', '2025-12-02 20:53:01'),
(13, 8, 'Logout: Signed out from admin portal', '2025-12-03 21:29:33'),
(14, 8, 'Login: Signed in successfully', '2025-12-03 21:29:38'),
(15, 8, 'Logout: Signed out from admin portal', '2025-12-03 21:35:47'),
(16, 8, 'Login: Signed in successfully', '2025-12-03 21:35:57'),
(17, 8, 'Logout: Signed out from admin portal', '2025-12-03 21:41:12'),
(18, 8, 'Login: Signed in successfully', '2025-12-03 21:41:17'),
(19, 8, 'Logout: Signed out from admin portal', '2025-12-03 21:43:18'),
(20, 8, 'Login: Signed in successfully', '2025-12-03 21:43:23'),
(21, 8, 'Added user #74 (batumbakal@gmail.com)', '2025-12-03 21:57:52'),
(22, 8, 'Logout: Signed out from admin portal', '2025-12-03 21:58:30'),
(23, 8, 'Login: Signed in successfully', '2025-12-03 21:58:35'),
(24, 8, 'Logout: Signed out from admin portal', '2025-12-03 22:03:33'),
(25, 8, 'Login: Signed in successfully', '2025-12-03 22:03:39'),
(26, 8, 'Logout: Signed out from admin portal', '2025-12-03 22:12:15'),
(27, 8, 'Login: Signed in successfully', '2025-12-03 22:12:21'),
(28, 8, 'Added user #75 (yayaya@gmail.com)', '2025-12-03 22:13:00'),
(29, 8, 'Added user #76 (dadada@gmail.com)', '2025-12-03 22:18:12'),
(30, 8, 'Added user #77 (dermarcus@gmail.com)', '2025-12-03 22:42:12'),
(31, 8, 'Logout: Signed out from admin portal', '2025-12-03 22:54:07'),
(32, 8, 'Login: Signed in successfully', '2025-12-03 22:54:12'),
(33, 8, 'Logout: Signed out from admin portal', '2025-12-03 23:00:49'),
(34, 8, 'Login: Signed in successfully', '2025-12-03 23:01:01'),
(35, 8, 'Logout: Signed out from admin portal', '2025-12-03 23:03:18'),
(36, 8, 'Updated User Status #0 \"Pending\".', '2025-12-08 00:39:52'),
(37, 8, 'Updated User Status #1 \"Active\".', '2025-12-08 00:40:00'),
(38, 8, 'Updated User Status #2 \"Deactivated\".', '2025-12-08 00:40:06'),
(39, 8, 'Updated User Status #3 \"Blocked\".', '2025-12-08 00:40:11'),
(40, 8, 'Login: Signed in successfully', '2025-12-08 19:36:21'),
(41, 8, 'Login: Signed in successfully', '2025-12-10 15:42:03'),
(42, 8, 'Archived job ID 15', '2025-12-10 15:51:32'),
(43, 8, 'Restored job ID 15', '2025-12-10 15:51:45'),
(44, 8, 'Logout: Signed out from admin portal', '2025-12-10 15:51:54'),
(45, 8, 'Login: Signed in successfully', '2025-12-10 16:32:40'),
(46, 13, 'Added Job Status #5 \"deactivated\".', '2025-12-10 16:48:47'),
(47, 8, 'Login: Signed in successfully', '2025-12-10 17:02:04'),
(48, 8, 'Login: Signed in successfully', '2025-12-14 13:52:47'),
(49, 8, 'Login: Signed in successfully', '2025-12-14 21:36:05'),
(50, 88, 'Login: Signed in successfully', '2025-12-17 03:50:27'),
(51, 88, 'Logout: Signed out from admin portal', '2025-12-17 03:50:45'),
(52, 88, 'Login: Signed in successfully', '2025-12-17 03:50:58'),
(53, 88, 'Login: Signed in successfully', '2025-12-17 04:21:14'),
(54, 88, 'Login: Signed in successfully', '2025-12-17 04:31:13'),
(55, 88, 'Login: Signed in successfully', '2025-12-17 04:56:48'),
(56, 88, 'Archived job ID 48', '2025-12-17 05:01:38'),
(57, 88, 'Updated user #90 (dranrevsmith@gmail.com)', '2025-12-17 05:02:01'),
(58, 88, 'Updated user #89 (clintjohnmaslog6@gmail.com)', '2025-12-17 05:02:31'),
(59, 88, 'Updated user #89 (clintjohnmaslog6@gmail.com)', '2025-12-17 05:02:41'),
(60, 88, 'Updated user #90 (dranrevsmith@gmail.com)', '2025-12-17 05:03:26'),
(61, 88, 'Updated user #90 (dranrevsmith@gmail.com)', '2025-12-17 05:03:44'),
(62, 88, 'Added Job Category #74 \"sample\".', '2025-12-17 05:10:32'),
(63, 88, 'Updated Job Category #74 \"samples\".', '2025-12-17 05:11:06'),
(64, 88, 'Archived Job Category #74 \"samples\".', '2025-12-17 05:11:18'),
(65, 88, 'Archived job ID 47', '2025-12-17 05:11:29'),
(66, 88, 'Logout: Signed out from admin portal', '2025-12-17 05:29:25'),
(67, 88, 'Login: Signed in successfully', '2025-12-17 05:29:42'),
(68, 88, 'Updated job #46 (Web Developers)', '2025-12-17 05:29:54'),
(69, 88, 'Updated job #46 (Web Developerser)', '2025-12-17 05:30:20'),
(70, 88, 'Logout: Signed out from admin portal', '2025-12-17 05:30:53'),
(71, 88, 'Login: Signed in successfully', '2025-12-17 12:56:04'),
(72, 88, 'Login: Signed in successfully', '2025-12-17 14:55:29'),
(73, 88, 'Logout: Signed out from admin portal', '2025-12-17 14:56:26'),
(74, 88, 'Login: Signed in successfully', '2025-12-17 15:52:56'),
(75, 88, 'Logout: Signed out from admin portal', '2025-12-17 15:53:10'),
(76, 88, 'Login: Signed in successfully', '2025-12-17 16:12:39'),
(77, 88, 'Login: Signed in successfully', '2025-12-17 16:37:14'),
(78, 88, 'Added Industry #14 \"industry1\".', '2025-12-17 16:56:16'),
(79, 88, 'Login: Signed in successfully', '2025-12-19 17:06:31'),
(80, 88, 'Login: Signed in successfully', '2026-01-08 16:22:57');

-- --------------------------------------------------------

--
-- Table structure for table `applicant_achievements`
--

CREATE TABLE `applicant_achievements` (
  `achievement_id` int(11) NOT NULL,
  `resume_id` int(11) DEFAULT NULL,
  `achievement_name` varchar(255) DEFAULT NULL,
  `achievement_organization` varchar(255) DEFAULT NULL,
  `date_received` date DEFAULT NULL,
  `description` text DEFAULT NULL
) ENGINE=InnoDB DEFAULT CHARSET=utf8mb4 COLLATE=utf8mb4_general_ci;

--
-- Dumping data for table `applicant_achievements`
--

INSERT INTO `applicant_achievements` (`achievement_id`, `resume_id`, `achievement_name`, `achievement_organization`, `date_received`, `description`) VALUES
(6, 11, 'WebDev 101', 'iTech', '2023-02-08', ''),
(8, 12, 'sample', 'sand', '2025-12-04', '');

-- --------------------------------------------------------

--
-- Table structure for table `applicant_education`
--

CREATE TABLE `applicant_education` (
  `applicant_education_id` int(11) NOT NULL,
  `education_level_id` int(11) NOT NULL,
  `school_name` varchar(255) NOT NULL,
  `start_date` date NOT NULL,
  `end_date` date NOT NULL,
  `resume_id` int(11) DEFAULT NULL
) ENGINE=InnoDB DEFAULT CHARSET=utf8mb4 COLLATE=utf8mb4_general_ci;

--
-- Dumping data for table `applicant_education`
--

INSERT INTO `applicant_education` (`applicant_education_id`, `education_level_id`, `school_name`, `start_date`, `end_date`, `resume_id`) VALUES
(17, 10, 'Pangasinan State University', '2014-04-01', '2018-04-01', 11),
(21, 12, 'psu', '2025-03-01', '2025-07-01', 12);

-- --------------------------------------------------------

--
-- Table structure for table `applicant_experience`
--

CREATE TABLE `applicant_experience` (
  `experience_id` int(11) NOT NULL,
  `experience_name` varchar(255) NOT NULL,
  `experience_company` varchar(255) DEFAULT NULL,
  `start_date` date NOT NULL,
  `end_date` date NOT NULL,
  `experience_description` text DEFAULT NULL,
  `experience_level_id` int(11) DEFAULT NULL,
  `resume_id` int(11) DEFAULT NULL
) ENGINE=InnoDB DEFAULT CHARSET=utf8mb4 COLLATE=utf8mb4_general_ci;

--
-- Dumping data for table `applicant_experience`
--

INSERT INTO `applicant_experience` (`experience_id`, `experience_name`, `experience_company`, `start_date`, `end_date`, `experience_description`, `experience_level_id`, `resume_id`) VALUES
(32, 'Web Developer', 'iTech', '0000-00-00', '0000-00-00', 'I worked as a web developer for iTech on February 2019 to March 2020', 2, 11),
(33, 'Cyber Security', 'iTech', '2022-06-01', '2023-06-01', '', 3, 12);

-- --------------------------------------------------------

--
-- Table structure for table `applicant_job_swipes`
--

CREATE TABLE `applicant_job_swipes` (
  `swipe_id` int(11) NOT NULL,
  `applicant_id` int(11) NOT NULL,
  `job_post_id` int(11) NOT NULL,
  `swipe_type` enum('like','dislike') NOT NULL,
  `created_at` datetime DEFAULT current_timestamp()
) ENGINE=InnoDB DEFAULT CHARSET=utf8mb4 COLLATE=utf8mb4_general_ci;

--
-- Dumping data for table `applicant_job_swipes`
--

INSERT INTO `applicant_job_swipes` (`swipe_id`, `applicant_id`, `job_post_id`, `swipe_type`, `created_at`) VALUES
(108, 89, 55, 'like', '2025-12-17 16:58:46'),
(109, 91, 55, 'like', '2025-12-17 17:04:59');

-- --------------------------------------------------------

--
-- Table structure for table `applicant_location`
--

CREATE TABLE `applicant_location` (
  `applicant_location_id` int(11) NOT NULL,
  `city_mun_id` int(11) NOT NULL,
  `barangay_id` int(11) DEFAULT NULL,
  `street` varchar(255) DEFAULT NULL,
  `address_line` varchar(255) DEFAULT NULL,
  `resume_id` int(11) DEFAULT NULL,
  `created_at` datetime NOT NULL DEFAULT current_timestamp()
) ENGINE=InnoDB DEFAULT CHARSET=utf8mb4 COLLATE=utf8mb4_general_ci;

--
-- Dumping data for table `applicant_location`
--

INSERT INTO `applicant_location` (`applicant_location_id`, `city_mun_id`, `barangay_id`, `street`, `address_line`, `resume_id`, `created_at`) VALUES
(8, 10, 2106, '123 Mabini Street', '123 Mabini Street, Primicias, Bautista', 11, '2025-12-17 03:55:32');

-- --------------------------------------------------------

--
-- Table structure for table `applicant_skills`
--

CREATE TABLE `applicant_skills` (
  `applicant_skills_id` int(11) NOT NULL,
  `job_category_id` int(11) DEFAULT NULL,
  `skill_id` bigint(20) DEFAULT NULL,
  `resume_id` int(11) DEFAULT NULL
) ENGINE=InnoDB DEFAULT CHARSET=utf8mb4 COLLATE=utf8mb4_general_ci;

--
-- Dumping data for table `applicant_skills`
--

INSERT INTO `applicant_skills` (`applicant_skills_id`, `job_category_id`, `skill_id`, `resume_id`) VALUES
(21, 19, 19, 11),
(22, 17, 2, 12);

-- --------------------------------------------------------

--
-- Table structure for table `application`
--

CREATE TABLE `application` (
  `application_id` int(11) NOT NULL,
  `job_post_id` int(11) NOT NULL,
  `applicant_id` int(11) NOT NULL,
  `status` enum('pending','interview','accepted','rejected','shortlisted') DEFAULT 'pending',
  `resume_type` enum('builtin','file') DEFAULT 'builtin',
  `resume_file_path` varchar(255) DEFAULT NULL,
  `created_at` datetime NOT NULL DEFAULT current_timestamp(),
  `updated_at` datetime NOT NULL DEFAULT current_timestamp() ON UPDATE current_timestamp()
) ENGINE=InnoDB DEFAULT CHARSET=utf8mb4 COLLATE=utf8mb4_general_ci;

--
-- Dumping data for table `application`
--

INSERT INTO `application` (`application_id`, `job_post_id`, `applicant_id`, `status`, `resume_type`, `resume_file_path`, `created_at`, `updated_at`) VALUES
(27, 55, 89, 'shortlisted', 'builtin', NULL, '2025-12-17 17:01:20', '2025-12-17 17:04:10'),
(28, 55, 91, 'accepted', 'builtin', NULL, '2025-12-17 17:06:16', '2025-12-17 17:08:04');

-- --------------------------------------------------------

--
-- Table structure for table `application_status_history`
--

CREATE TABLE `application_status_history` (
  `history_id` int(11) NOT NULL,
  `application_id` int(11) NOT NULL,
  `old_status` varchar(50) DEFAULT NULL,
  `new_status` varchar(50) NOT NULL,
  `changed_by` int(11) NOT NULL,
  `changed_at` datetime NOT NULL DEFAULT current_timestamp()
) ENGINE=InnoDB DEFAULT CHARSET=utf8mb4 COLLATE=utf8mb4_general_ci;

-- --------------------------------------------------------

--
-- Table structure for table `barangay`
--

CREATE TABLE `barangay` (
  `barangay_id` int(11) NOT NULL,
  `city_mun_id` int(11) NOT NULL,
  `barangay_code` varchar(255) DEFAULT NULL,
  `barangay_name` text DEFAULT NULL,
  `province_code` varchar(255) DEFAULT NULL,
  `city_mun_code` varchar(255) DEFAULT NULL,
  `barangay_created_at` datetime NOT NULL DEFAULT current_timestamp(),
  `barangay_updated_at` datetime NOT NULL,
  `is_archived` tinyint(1) NOT NULL DEFAULT 0
) ENGINE=InnoDB DEFAULT CHARSET=utf8mb4 COLLATE=utf8mb4_general_ci;

--
-- Dumping data for table `barangay`
--

INSERT INTO `barangay` (`barangay_id`, `city_mun_id`, `barangay_code`, `barangay_name`, `province_code`, `city_mun_code`, `barangay_created_at`, `barangay_updated_at`, `is_archived`) VALUES
(1902, 1, '015501001', 'Allabon', '0155', '015501', '2021-07-19 09:29:55', '2021-07-19 09:29:55', 0),
(1903, 1, '015501002', 'Aloleng', '0155', '015501', '2021-07-19 09:29:55', '2021-07-19 09:29:55', 0),
(1904, 1, '015501003', 'Bangan-Oda', '0155', '015501', '2021-07-19 09:29:55', '2021-07-19 09:29:55', 0),
(1905, 1, '015501004', 'Baruan', '0155', '015501', '2021-07-19 09:29:55', '2021-07-19 09:29:55', 0),
(1906, 1, '015501005', 'Boboy', '0155', '015501', '2021-07-19 09:29:55', '2021-07-19 09:29:55', 0),
(1907, 1, '015501006', 'Cayungnan', '0155', '015501', '2021-07-19 09:29:55', '2021-07-19 09:29:55', 0),
(1908, 1, '015501007', 'Dangley', '0155', '015501', '2021-07-19 09:29:55', '2021-07-19 09:29:55', 0),
(1909, 1, '015501009', 'Gayusan', '0155', '015501', '2021-07-19 09:29:55', '2021-07-19 09:29:55', 0),
(1910, 1, '015501010', 'Macaboboni', '0155', '015501', '2021-07-19 09:29:55', '2021-07-19 09:29:55', 0),
(1911, 1, '015501011', 'Magsaysay', '0155', '015501', '2021-07-19 09:29:55', '2021-07-19 09:29:55', 0),
(1912, 1, '015501012', 'Namatucan', '0155', '015501', '2021-07-19 09:29:55', '2021-07-19 09:29:55', 0),
(1913, 1, '015501013', 'Patar', '0155', '015501', '2021-07-19 09:29:55', '2021-07-19 09:29:55', 0),
(1914, 1, '015501014', 'Poblacion East', '0155', '015501', '2021-07-19 09:29:55', '2021-07-19 09:29:55', 0),
(1915, 1, '015501015', 'Poblacion West', '0155', '015501', '2021-07-19 09:29:55', '2021-07-19 09:29:55', 0),
(1916, 1, '015501016', 'San Juan', '0155', '015501', '2021-07-19 09:29:55', '2021-07-19 09:29:55', 0),
(1917, 1, '015501017', 'Tupa', '0155', '015501', '2021-07-19 09:29:55', '2021-07-19 09:29:55', 0),
(1918, 1, '015501018', 'Viga', '0155', '015501', '2021-07-19 09:29:55', '2021-07-19 09:29:55', 0),
(1919, 2, '015502002', 'Bayaoas', '0155', '015502', '2021-07-19 09:29:55', '2021-07-19 09:29:55', 0),
(1920, 2, '015502003', 'Baybay', '0155', '015502', '2021-07-19 09:29:55', '2021-07-19 09:29:55', 0),
(1921, 2, '015502004', 'Bocacliw', '0155', '015502', '2021-07-19 09:29:55', '2021-07-19 09:29:55', 0),
(1922, 2, '015502006', 'Bocboc East', '0155', '015502', '2021-07-19 09:29:55', '2021-07-19 09:29:55', 0),
(1923, 2, '015502007', 'Bocboc West', '0155', '015502', '2021-07-19 09:29:55', '2021-07-19 09:29:55', 0),
(1924, 2, '015502008', 'Buer', '0155', '015502', '2021-07-19 09:29:55', '2021-07-19 09:29:55', 0),
(1925, 2, '015502009', 'Calsib', '0155', '015502', '2021-07-19 09:29:55', '2021-07-19 09:29:55', 0),
(1926, 2, '015502010', 'Ninoy', '0155', '015502', '2021-07-19 09:29:55', '2021-07-19 09:29:55', 0),
(1927, 2, '015502011', 'Poblacion', '0155', '015502', '2021-07-19 09:29:55', '2021-07-19 09:29:55', 0),
(1928, 2, '015502012', 'Pogomboa', '0155', '015502', '2021-07-19 09:29:55', '2021-07-19 09:29:55', 0),
(1929, 2, '015502013', 'Pogonsili', '0155', '015502', '2021-07-19 09:29:55', '2021-07-19 09:29:55', 0),
(1930, 2, '015502014', 'San Jose', '0155', '015502', '2021-07-19 09:29:55', '2021-07-19 09:29:55', 0),
(1931, 2, '015502016', 'Tampac', '0155', '015502', '2021-07-19 09:29:55', '2021-07-19 09:29:55', 0),
(1932, 2, '015502017', 'Laoag', '0155', '015502', '2021-07-19 09:29:55', '2021-07-19 09:29:55', 0),
(1933, 2, '015502018', 'Manlocboc', '0155', '015502', '2021-07-19 09:29:55', '2021-07-19 09:29:55', 0),
(1934, 2, '015502019', 'Panacol', '0155', '015502', '2021-07-19 09:29:55', '2021-07-19 09:29:55', 0),
(1935, 3, '015503001', 'Alos', '0155', '015503', '2021-07-19 09:29:55', '2021-07-19 09:29:55', 0),
(1936, 3, '015503002', 'Amandiego', '0155', '015503', '2021-07-19 09:29:55', '2021-07-19 09:29:55', 0),
(1937, 3, '015503003', 'Amangbangan', '0155', '015503', '2021-07-19 09:29:55', '2021-07-19 09:29:55', 0),
(1938, 3, '015503004', 'Balangobong', '0155', '015503', '2021-07-19 09:29:55', '2021-07-19 09:29:55', 0),
(1939, 3, '015503005', 'Balayang', '0155', '015503', '2021-07-19 09:29:55', '2021-07-19 09:29:55', 0),
(1940, 3, '015503006', 'Bisocol', '0155', '015503', '2021-07-19 09:29:55', '2021-07-19 09:29:55', 0),
(1941, 3, '015503007', 'Bolaney', '0155', '015503', '2021-07-19 09:29:55', '2021-07-19 09:29:55', 0),
(1942, 3, '015503008', 'Baleyadaan', '0155', '015503', '2021-07-19 09:29:55', '2021-07-19 09:29:55', 0),
(1943, 3, '015503009', 'Bued', '0155', '015503', '2021-07-19 09:29:55', '2021-07-19 09:29:55', 0),
(1944, 3, '015503010', 'Cabatuan', '0155', '015503', '2021-07-19 09:29:55', '2021-07-19 09:29:55', 0),
(1945, 3, '015503011', 'Cayucay', '0155', '015503', '2021-07-19 09:29:55', '2021-07-19 09:29:55', 0),
(1946, 3, '015503012', 'Dulacac', '0155', '015503', '2021-07-19 09:29:55', '2021-07-19 09:29:55', 0),
(1947, 3, '015503013', 'Inerangan', '0155', '015503', '2021-07-19 09:29:55', '2021-07-19 09:29:55', 0),
(1948, 3, '015503014', 'Linmansangan', '0155', '015503', '2021-07-19 09:29:55', '2021-07-19 09:29:55', 0),
(1949, 3, '015503015', 'Lucap', '0155', '015503', '2021-07-19 09:29:55', '2021-07-19 09:29:55', 0),
(1950, 3, '015503016', 'Macatiw', '0155', '015503', '2021-07-19 09:29:55', '2021-07-19 09:29:55', 0),
(1951, 3, '015503017', 'Magsaysay', '0155', '015503', '2021-07-19 09:29:55', '2021-07-19 09:29:55', 0),
(1952, 3, '015503018', 'Mona', '0155', '015503', '2021-07-19 09:29:55', '2021-07-19 09:29:55', 0),
(1953, 3, '015503019', 'Palamis', '0155', '015503', '2021-07-19 09:29:55', '2021-07-19 09:29:55', 0),
(1954, 3, '015503020', 'Pangapisan', '0155', '015503', '2021-07-19 09:29:55', '2021-07-19 09:29:55', 0),
(1955, 3, '015503021', 'Poblacion', '0155', '015503', '2021-07-19 09:29:55', '2021-07-19 09:29:55', 0),
(1956, 3, '015503022', 'Pocalpocal', '0155', '015503', '2021-07-19 09:29:55', '2021-07-19 09:29:55', 0),
(1957, 3, '015503023', 'Pogo', '0155', '015503', '2021-07-19 09:29:55', '2021-07-19 09:29:55', 0),
(1958, 3, '015503024', 'Polo', '0155', '015503', '2021-07-19 09:29:55', '2021-07-19 09:29:55', 0),
(1959, 3, '015503025', 'Quibuar', '0155', '015503', '2021-07-19 09:29:55', '2021-07-19 09:29:55', 0),
(1960, 3, '015503026', 'Sabangan', '0155', '015503', '2021-07-19 09:29:55', '2021-07-19 09:29:55', 0),
(1961, 3, '015503029', 'San Jose', '0155', '015503', '2021-07-19 09:29:55', '2021-07-19 09:29:55', 0),
(1962, 3, '015503030', 'San Roque', '0155', '015503', '2021-07-19 09:29:55', '2021-07-19 09:29:55', 0),
(1963, 3, '015503031', 'San Vicente', '0155', '015503', '2021-07-19 09:29:55', '2021-07-19 09:29:55', 0),
(1964, 3, '015503032', 'Santa Maria', '0155', '015503', '2021-07-19 09:29:55', '2021-07-19 09:29:55', 0),
(1965, 3, '015503033', 'Tanaytay', '0155', '015503', '2021-07-19 09:29:55', '2021-07-19 09:29:55', 0),
(1966, 3, '015503034', 'Tangcarang', '0155', '015503', '2021-07-19 09:29:55', '2021-07-19 09:29:55', 0),
(1967, 3, '015503035', 'Tawintawin', '0155', '015503', '2021-07-19 09:29:55', '2021-07-19 09:29:55', 0),
(1968, 3, '015503036', 'Telbang', '0155', '015503', '2021-07-19 09:29:55', '2021-07-19 09:29:55', 0),
(1969, 3, '015503037', 'Victoria', '0155', '015503', '2021-07-19 09:29:55', '2021-07-19 09:29:55', 0),
(1970, 3, '015503038', 'Landoc', '0155', '015503', '2021-07-19 09:29:55', '2021-07-19 09:29:55', 0),
(1971, 3, '015503039', 'Maawi', '0155', '015503', '2021-07-19 09:29:55', '2021-07-19 09:29:55', 0),
(1972, 3, '015503040', 'Pandan', '0155', '015503', '2021-07-19 09:29:55', '2021-07-19 09:29:55', 0),
(1973, 3, '015503041', 'San Antonio (R. Magsaysay)', '0155', '015503', '2021-07-19 09:29:55', '2021-07-19 09:29:55', 0),
(1974, 4, '015504001', 'Anulid', '0155', '015504', '2021-07-19 09:29:55', '2021-07-19 09:29:55', 0),
(1975, 4, '015504003', 'Atainan', '0155', '015504', '2021-07-19 09:29:55', '2021-07-19 09:29:55', 0),
(1976, 4, '015504004', 'Bersamin', '0155', '015504', '2021-07-19 09:29:55', '2021-07-19 09:29:55', 0),
(1977, 4, '015504005', 'Canarvacanan', '0155', '015504', '2021-07-19 09:29:55', '2021-07-19 09:29:55', 0),
(1978, 4, '015504006', 'Caranglaan', '0155', '015504', '2021-07-19 09:29:55', '2021-07-19 09:29:55', 0),
(1979, 4, '015504007', 'Curareng', '0155', '015504', '2021-07-19 09:29:55', '2021-07-19 09:29:55', 0),
(1980, 4, '015504008', 'Gualsic', '0155', '015504', '2021-07-19 09:29:55', '2021-07-19 09:29:55', 0),
(1981, 4, '015504009', 'Kasikis', '0155', '015504', '2021-07-19 09:29:55', '2021-07-19 09:29:55', 0),
(1982, 4, '015504010', 'Laoac', '0155', '015504', '2021-07-19 09:29:55', '2021-07-19 09:29:55', 0),
(1983, 4, '015504011', 'Macayo', '0155', '015504', '2021-07-19 09:29:55', '2021-07-19 09:29:55', 0),
(1984, 4, '015504012', 'Pindangan Centro', '0155', '015504', '2021-07-19 09:29:55', '2021-07-19 09:29:55', 0),
(1985, 4, '015504013', 'Pindangan East', '0155', '015504', '2021-07-19 09:29:55', '2021-07-19 09:29:55', 0),
(1986, 4, '015504014', 'Pindangan West', '0155', '015504', '2021-07-19 09:29:55', '2021-07-19 09:29:55', 0),
(1987, 4, '015504015', 'Poblacion East', '0155', '015504', '2021-07-19 09:29:55', '2021-07-19 09:29:55', 0),
(1988, 4, '015504016', 'Poblacion West', '0155', '015504', '2021-07-19 09:29:55', '2021-07-19 09:29:55', 0),
(1989, 4, '015504017', 'San Juan', '0155', '015504', '2021-07-19 09:29:55', '2021-07-19 09:29:55', 0),
(1990, 4, '015504018', 'San Nicolas', '0155', '015504', '2021-07-19 09:29:55', '2021-07-19 09:29:55', 0),
(1991, 4, '015504019', 'San Pedro Apartado', '0155', '015504', '2021-07-19 09:29:55', '2021-07-19 09:29:55', 0),
(1992, 4, '015504020', 'San Pedro IlI', '0155', '015504', '2021-07-19 09:29:55', '2021-07-19 09:29:55', 0),
(1993, 4, '015504021', 'San Vicente', '0155', '015504', '2021-07-19 09:29:55', '2021-07-19 09:29:55', 0),
(1994, 4, '015504022', 'Vacante', '0155', '015504', '2021-07-19 09:29:55', '2021-07-19 09:29:55', 0),
(1995, 5, '015505002', 'Awile', '0155', '015505', '2021-07-19 09:29:55', '2021-07-19 09:29:55', 0),
(1996, 5, '015505003', 'Awag', '0155', '015505', '2021-07-19 09:29:55', '2021-07-19 09:29:55', 0),
(1997, 5, '015505004', 'Batiarao', '0155', '015505', '2021-07-19 09:29:55', '2021-07-19 09:29:55', 0),
(1998, 5, '015505005', 'Cabungan', '0155', '015505', '2021-07-19 09:29:55', '2021-07-19 09:29:55', 0),
(1999, 5, '015505006', 'Carot', '0155', '015505', '2021-07-19 09:29:55', '2021-07-19 09:29:55', 0),
(2000, 5, '015505007', 'Dolaoan', '0155', '015505', '2021-07-19 09:29:55', '2021-07-19 09:29:55', 0),
(2001, 5, '015505008', 'Imbo', '0155', '015505', '2021-07-19 09:29:55', '2021-07-19 09:29:55', 0),
(2002, 5, '015505009', 'Macaleeng', '0155', '015505', '2021-07-19 09:29:55', '2021-07-19 09:29:55', 0),
(2003, 5, '015505010', 'Macandocandong', '0155', '015505', '2021-07-19 09:29:55', '2021-07-19 09:29:55', 0),
(2004, 5, '015505011', 'Mal-ong', '0155', '015505', '2021-07-19 09:29:55', '2021-07-19 09:29:55', 0),
(2005, 5, '015505012', 'Namagbagan', '0155', '015505', '2021-07-19 09:29:55', '2021-07-19 09:29:55', 0),
(2006, 5, '015505014', 'Poblacion', '0155', '015505', '2021-07-19 09:29:55', '2021-07-19 09:29:55', 0),
(2007, 5, '015505015', 'Roxas', '0155', '015505', '2021-07-19 09:29:55', '2021-07-19 09:29:55', 0),
(2008, 5, '015505016', 'Sablig', '0155', '015505', '2021-07-19 09:29:55', '2021-07-19 09:29:55', 0),
(2009, 5, '015505018', 'San Jose', '0155', '015505', '2021-07-19 09:29:55', '2021-07-19 09:29:55', 0),
(2010, 5, '015505019', 'Siapar', '0155', '015505', '2021-07-19 09:29:55', '2021-07-19 09:29:55', 0),
(2011, 5, '015505020', 'Tondol', '0155', '015505', '2021-07-19 09:29:55', '2021-07-19 09:29:55', 0),
(2012, 5, '015505021', 'Toritori', '0155', '015505', '2021-07-19 09:29:55', '2021-07-19 09:29:55', 0),
(2013, 6, '015506002', 'Ariston Este', '0155', '015506', '2021-07-19 09:29:55', '2021-07-19 09:29:55', 0),
(2014, 6, '015506003', 'Ariston Weste', '0155', '015506', '2021-07-19 09:29:55', '2021-07-19 09:29:55', 0),
(2015, 6, '015506004', 'Bantog', '0155', '015506', '2021-07-19 09:29:55', '2021-07-19 09:29:55', 0),
(2016, 6, '015506005', 'Baro', '0155', '015506', '2021-07-19 09:29:55', '2021-07-19 09:29:55', 0),
(2017, 6, '015506006', 'Bobonan', '0155', '015506', '2021-07-19 09:29:55', '2021-07-19 09:29:55', 0),
(2018, 6, '015506007', 'Cabalitian', '0155', '015506', '2021-07-19 09:29:55', '2021-07-19 09:29:55', 0),
(2019, 6, '015506008', 'Calepaan', '0155', '015506', '2021-07-19 09:29:55', '2021-07-19 09:29:55', 0),
(2020, 6, '015506009', 'Carosucan Norte', '0155', '015506', '2021-07-19 09:29:55', '2021-07-19 09:29:55', 0),
(2021, 6, '015506010', 'Carosucan Sur', '0155', '015506', '2021-07-19 09:29:55', '2021-07-19 09:29:55', 0),
(2022, 6, '015506011', 'Coldit', '0155', '015506', '2021-07-19 09:29:55', '2021-07-19 09:29:55', 0),
(2023, 6, '015506012', 'Domanpot', '0155', '015506', '2021-07-19 09:29:55', '2021-07-19 09:29:55', 0),
(2024, 6, '015506013', 'Dupac', '0155', '015506', '2021-07-19 09:29:55', '2021-07-19 09:29:55', 0),
(2025, 6, '015506014', 'Macalong', '0155', '015506', '2021-07-19 09:29:55', '2021-07-19 09:29:55', 0),
(2026, 6, '015506015', 'Palaris', '0155', '015506', '2021-07-19 09:29:55', '2021-07-19 09:29:55', 0),
(2027, 6, '015506016', 'Poblacion East', '0155', '015506', '2021-07-19 09:29:55', '2021-07-19 09:29:55', 0),
(2028, 6, '015506017', 'Poblacion West', '0155', '015506', '2021-07-19 09:29:55', '2021-07-19 09:29:55', 0),
(2029, 6, '015506018', 'San Vicente Este', '0155', '015506', '2021-07-19 09:29:55', '2021-07-19 09:29:55', 0),
(2030, 6, '015506019', 'San Vicente Weste', '0155', '015506', '2021-07-19 09:29:55', '2021-07-19 09:29:55', 0),
(2031, 6, '015506020', 'Sanchez', '0155', '015506', '2021-07-19 09:29:55', '2021-07-19 09:29:55', 0),
(2032, 6, '015506021', 'Sobol', '0155', '015506', '2021-07-19 09:29:55', '2021-07-19 09:29:55', 0),
(2033, 6, '015506022', 'Toboy', '0155', '015506', '2021-07-19 09:29:55', '2021-07-19 09:29:55', 0),
(2034, 7, '015507001', 'Angayan Norte', '0155', '015507', '2021-07-19 09:29:55', '2021-07-19 09:29:55', 0),
(2035, 7, '015507002', 'Angayan Sur', '0155', '015507', '2021-07-19 09:29:55', '2021-07-19 09:29:55', 0),
(2036, 7, '015507003', 'Capulaan', '0155', '015507', '2021-07-19 09:29:55', '2021-07-19 09:29:55', 0),
(2037, 7, '015507004', 'Esmeralda', '0155', '015507', '2021-07-19 09:29:55', '2021-07-19 09:29:55', 0),
(2038, 7, '015507005', 'Kita-kita', '0155', '015507', '2021-07-19 09:29:55', '2021-07-19 09:29:55', 0),
(2039, 7, '015507006', 'Mabini', '0155', '015507', '2021-07-19 09:29:55', '2021-07-19 09:29:55', 0),
(2040, 7, '015507007', 'Mauban', '0155', '015507', '2021-07-19 09:29:55', '2021-07-19 09:29:55', 0),
(2041, 7, '015507008', 'Poblacion', '0155', '015507', '2021-07-19 09:29:55', '2021-07-19 09:29:55', 0),
(2042, 7, '015507009', 'Pugaro', '0155', '015507', '2021-07-19 09:29:55', '2021-07-19 09:29:55', 0),
(2043, 7, '015507010', 'Rajal', '0155', '015507', '2021-07-19 09:29:55', '2021-07-19 09:29:55', 0),
(2044, 7, '015507011', 'San Andres', '0155', '015507', '2021-07-19 09:29:55', '2021-07-19 09:29:55', 0),
(2045, 7, '015507012', 'San Aurelio 1st', '0155', '015507', '2021-07-19 09:29:55', '2021-07-19 09:29:55', 0),
(2046, 7, '015507013', 'San Aurelio 2nd', '0155', '015507', '2021-07-19 09:29:55', '2021-07-19 09:29:55', 0),
(2047, 7, '015507014', 'San Aurelio 3rd', '0155', '015507', '2021-07-19 09:29:55', '2021-07-19 09:29:55', 0),
(2048, 7, '015507015', 'San Joaquin', '0155', '015507', '2021-07-19 09:29:55', '2021-07-19 09:29:55', 0),
(2049, 7, '015507016', 'San Julian', '0155', '015507', '2021-07-19 09:29:55', '2021-07-19 09:29:55', 0),
(2050, 7, '015507017', 'San Leon', '0155', '015507', '2021-07-19 09:29:55', '2021-07-19 09:29:55', 0),
(2051, 7, '015507018', 'San Marcelino', '0155', '015507', '2021-07-19 09:29:55', '2021-07-19 09:29:55', 0),
(2052, 7, '015507019', 'San Miguel', '0155', '015507', '2021-07-19 09:29:55', '2021-07-19 09:29:55', 0),
(2053, 7, '015507020', 'San Raymundo', '0155', '015507', '2021-07-19 09:29:55', '2021-07-19 09:29:55', 0),
(2054, 8, '015508001', 'Ambabaay', '0155', '015508', '2021-07-19 09:29:55', '2021-07-19 09:29:55', 0),
(2055, 8, '015508002', 'Aporao', '0155', '015508', '2021-07-19 09:29:55', '2021-07-19 09:29:55', 0),
(2056, 8, '015508003', 'Arwas', '0155', '015508', '2021-07-19 09:29:55', '2021-07-19 09:29:55', 0),
(2057, 8, '015508004', 'Ballag', '0155', '015508', '2021-07-19 09:29:55', '2021-07-19 09:29:55', 0),
(2058, 8, '015508005', 'Banog Norte', '0155', '015508', '2021-07-19 09:29:55', '2021-07-19 09:29:55', 0),
(2059, 8, '015508006', 'Banog Sur', '0155', '015508', '2021-07-19 09:29:55', '2021-07-19 09:29:55', 0),
(2060, 8, '015508007', 'Centro Toma', '0155', '015508', '2021-07-19 09:29:55', '2021-07-19 09:29:55', 0),
(2061, 8, '015508008', 'Colayo', '0155', '015508', '2021-07-19 09:29:55', '2021-07-19 09:29:55', 0),
(2062, 8, '015508009', 'Dacap Norte', '0155', '015508', '2021-07-19 09:29:55', '2021-07-19 09:29:55', 0),
(2063, 8, '015508010', 'Dacap Sur', '0155', '015508', '2021-07-19 09:29:55', '2021-07-19 09:29:55', 0),
(2064, 8, '015508011', 'Garrita', '0155', '015508', '2021-07-19 09:29:55', '2021-07-19 09:29:55', 0),
(2065, 8, '015508012', 'Luac', '0155', '015508', '2021-07-19 09:29:55', '2021-07-19 09:29:55', 0),
(2066, 8, '015508013', 'Macabit', '0155', '015508', '2021-07-19 09:29:55', '2021-07-19 09:29:55', 0),
(2067, 8, '015508014', 'Masidem', '0155', '015508', '2021-07-19 09:29:55', '2021-07-19 09:29:55', 0),
(2068, 8, '015508015', 'Poblacion', '0155', '015508', '2021-07-19 09:29:55', '2021-07-19 09:29:55', 0),
(2069, 8, '015508016', 'Quinaoayanan', '0155', '015508', '2021-07-19 09:29:55', '2021-07-19 09:29:55', 0),
(2070, 8, '015508017', 'Ranao', '0155', '015508', '2021-07-19 09:29:55', '2021-07-19 09:29:55', 0),
(2071, 8, '015508018', 'Ranom Iloco', '0155', '015508', '2021-07-19 09:29:55', '2021-07-19 09:29:55', 0),
(2072, 8, '015508019', 'San Jose', '0155', '015508', '2021-07-19 09:29:55', '2021-07-19 09:29:55', 0),
(2073, 8, '015508020', 'San Miguel', '0155', '015508', '2021-07-19 09:29:55', '2021-07-19 09:29:55', 0),
(2074, 8, '015508021', 'San Simon', '0155', '015508', '2021-07-19 09:29:55', '2021-07-19 09:29:55', 0),
(2075, 8, '015508022', 'San Vicente', '0155', '015508', '2021-07-19 09:29:55', '2021-07-19 09:29:55', 0),
(2076, 8, '015508023', 'Tiep', '0155', '015508', '2021-07-19 09:29:55', '2021-07-19 09:29:55', 0),
(2077, 8, '015508024', 'Tipor', '0155', '015508', '2021-07-19 09:29:55', '2021-07-19 09:29:55', 0),
(2078, 8, '015508025', 'Tugui Grande', '0155', '015508', '2021-07-19 09:29:55', '2021-07-19 09:29:55', 0),
(2079, 8, '015508026', 'Tugui Norte', '0155', '015508', '2021-07-19 09:29:55', '2021-07-19 09:29:55', 0),
(2080, 8, '015508027', 'Calabeng', '0155', '015508', '2021-07-19 09:29:55', '2021-07-19 09:29:55', 0),
(2081, 9, '015509001', 'Anambongan', '0155', '015509', '2021-07-19 09:29:55', '2021-07-19 09:29:55', 0),
(2082, 9, '015509002', 'Bayoyong', '0155', '015509', '2021-07-19 09:29:55', '2021-07-19 09:29:55', 0),
(2083, 9, '015509003', 'Cabeldatan', '0155', '015509', '2021-07-19 09:29:55', '2021-07-19 09:29:55', 0),
(2084, 9, '015509004', 'Dumpay', '0155', '015509', '2021-07-19 09:29:55', '2021-07-19 09:29:55', 0),
(2085, 9, '015509005', 'Malimpec East', '0155', '015509', '2021-07-19 09:29:55', '2021-07-19 09:29:55', 0),
(2086, 9, '015509006', 'Mapolopolo', '0155', '015509', '2021-07-19 09:29:55', '2021-07-19 09:29:55', 0),
(2087, 9, '015509007', 'Nalneran', '0155', '015509', '2021-07-19 09:29:55', '2021-07-19 09:29:55', 0),
(2088, 9, '015509008', 'Navatat', '0155', '015509', '2021-07-19 09:29:55', '2021-07-19 09:29:55', 0),
(2089, 9, '015509009', 'Obong', '0155', '015509', '2021-07-19 09:29:55', '2021-07-19 09:29:55', 0),
(2090, 9, '015509010', 'Osmena Sr.', '0155', '015509', '2021-07-19 09:29:55', '2021-07-19 09:29:55', 0),
(2091, 9, '015509011', 'Palma', '0155', '015509', '2021-07-19 09:29:55', '2021-07-19 09:29:55', 0),
(2092, 9, '015509012', 'Patacbo', '0155', '015509', '2021-07-19 09:29:55', '2021-07-19 09:29:55', 0),
(2093, 9, '015509013', 'Poblacion', '0155', '015509', '2021-07-19 09:29:55', '2021-07-19 09:29:55', 0),
(2094, 10, '015510001', 'Artacho', '0155', '015510', '2021-07-19 09:29:55', '2021-07-19 09:29:55', 0),
(2095, 10, '015510003', 'Cabuaan', '0155', '015510', '2021-07-19 09:29:55', '2021-07-19 09:29:55', 0),
(2096, 10, '015510004', 'Cacandongan', '0155', '015510', '2021-07-19 09:29:55', '2021-07-19 09:29:55', 0),
(2097, 10, '015510006', 'Diaz', '0155', '015510', '2021-07-19 09:29:55', '2021-07-19 09:29:55', 0),
(2098, 10, '015510007', 'Nandacan', '0155', '015510', '2021-07-19 09:29:55', '2021-07-19 09:29:55', 0),
(2099, 10, '015510009', 'Nibaliw Norte', '0155', '015510', '2021-07-19 09:29:55', '2021-07-19 09:29:55', 0),
(2100, 10, '015510010', 'Nibaliw Sur', '0155', '015510', '2021-07-19 09:29:55', '2021-07-19 09:29:55', 0),
(2101, 10, '015510011', 'Palisoc', '0155', '015510', '2021-07-19 09:29:55', '2021-07-19 09:29:55', 0),
(2102, 10, '015510012', 'Poblacion East', '0155', '015510', '2021-07-19 09:29:55', '2021-07-19 09:29:55', 0),
(2103, 10, '015510013', 'Poblacion West', '0155', '015510', '2021-07-19 09:29:55', '2021-07-19 09:29:55', 0),
(2104, 10, '015510014', 'Pogo', '0155', '015510', '2021-07-19 09:29:55', '2021-07-19 09:29:55', 0),
(2105, 10, '015510015', 'Poponto', '0155', '015510', '2021-07-19 09:29:55', '2021-07-19 09:29:55', 0),
(2106, 10, '015510016', 'Primicias', '0155', '015510', '2021-07-19 09:29:55', '2021-07-19 09:29:55', 0),
(2107, 10, '015510017', 'Ketegan', '0155', '015510', '2021-07-19 09:29:55', '2021-07-19 09:29:55', 0),
(2108, 10, '015510018', 'Sinabaan', '0155', '015510', '2021-07-19 09:29:55', '2021-07-19 09:29:55', 0),
(2109, 10, '015510019', 'Vacante', '0155', '015510', '2021-07-19 09:29:55', '2021-07-19 09:29:55', 0),
(2110, 10, '015510020', 'Villanueva', '0155', '015510', '2021-07-19 09:29:55', '2021-07-19 09:29:55', 0),
(2111, 10, '015510021', 'Baluyot', '0155', '015510', '2021-07-19 09:29:55', '2021-07-19 09:29:55', 0),
(2112, 11, '015511001', 'Alinggan', '0155', '015511', '2021-07-19 09:29:55', '2021-07-19 09:29:55', 0),
(2113, 11, '015511002', 'Amamperez', '0155', '015511', '2021-07-19 09:29:55', '2021-07-19 09:29:55', 0),
(2114, 11, '015511003', 'Amancosiling Norte', '0155', '015511', '2021-07-19 09:29:55', '2021-07-19 09:29:55', 0),
(2115, 11, '015511004', 'Amancosiling Sur', '0155', '015511', '2021-07-19 09:29:55', '2021-07-19 09:29:55', 0),
(2116, 11, '015511005', 'Ambayat I', '0155', '015511', '2021-07-19 09:29:55', '2021-07-19 09:29:55', 0),
(2117, 11, '015511006', 'Ambayat II', '0155', '015511', '2021-07-19 09:29:55', '2021-07-19 09:29:55', 0),
(2118, 11, '015511007', 'Apalen', '0155', '015511', '2021-07-19 09:29:55', '2021-07-19 09:29:55', 0),
(2119, 11, '015511008', 'Asin', '0155', '015511', '2021-07-19 09:29:55', '2021-07-19 09:29:55', 0),
(2120, 11, '015511009', 'Ataynan', '0155', '015511', '2021-07-19 09:29:55', '2021-07-19 09:29:55', 0),
(2121, 11, '015511010', 'Bacnono', '0155', '015511', '2021-07-19 09:29:55', '2021-07-19 09:29:55', 0),
(2122, 11, '015511011', 'Balaybuaya', '0155', '015511', '2021-07-19 09:29:55', '2021-07-19 09:29:55', 0),
(2123, 11, '015511012', 'Banaban', '0155', '015511', '2021-07-19 09:29:55', '2021-07-19 09:29:55', 0),
(2124, 11, '015511013', 'Bani', '0155', '015511', '2021-07-19 09:29:55', '2021-07-19 09:29:55', 0),
(2125, 11, '015511014', 'Batangcawa', '0155', '015511', '2021-07-19 09:29:55', '2021-07-19 09:29:55', 0),
(2126, 11, '015511015', 'Beleng', '0155', '015511', '2021-07-19 09:29:55', '2021-07-19 09:29:55', 0),
(2127, 11, '015511016', 'Bical Norte', '0155', '015511', '2021-07-19 09:29:55', '2021-07-19 09:29:55', 0),
(2128, 11, '015511017', 'Bical Sur', '0155', '015511', '2021-07-19 09:29:55', '2021-07-19 09:29:55', 0),
(2129, 11, '015511018', 'Bongato East', '0155', '015511', '2021-07-19 09:29:55', '2021-07-19 09:29:55', 0),
(2130, 11, '015511019', 'Bongato West', '0155', '015511', '2021-07-19 09:29:55', '2021-07-19 09:29:55', 0),
(2131, 11, '015511020', 'Buayaen', '0155', '015511', '2021-07-19 09:29:55', '2021-07-19 09:29:55', 0),
(2132, 11, '015511021', 'Buenlag 1st', '0155', '015511', '2021-07-19 09:29:55', '2021-07-19 09:29:55', 0),
(2133, 11, '015511022', 'Buenlag 2nd', '0155', '015511', '2021-07-19 09:29:55', '2021-07-19 09:29:55', 0),
(2134, 11, '015511023', 'Cadre Site', '0155', '015511', '2021-07-19 09:29:55', '2021-07-19 09:29:55', 0),
(2135, 11, '015511024', 'Carungay', '0155', '015511', '2021-07-19 09:29:55', '2021-07-19 09:29:55', 0),
(2136, 11, '015511025', 'Caturay', '0155', '015511', '2021-07-19 09:29:55', '2021-07-19 09:29:55', 0),
(2137, 11, '015511027', 'Duera', '0155', '015511', '2021-07-19 09:29:55', '2021-07-19 09:29:55', 0),
(2138, 11, '015511028', 'Dusoc', '0155', '015511', '2021-07-19 09:29:55', '2021-07-19 09:29:55', 0),
(2139, 11, '015511029', 'Hermoza', '0155', '015511', '2021-07-19 09:29:55', '2021-07-19 09:29:55', 0),
(2140, 11, '015511030', 'Idong', '0155', '015511', '2021-07-19 09:29:55', '2021-07-19 09:29:55', 0),
(2141, 11, '015511031', 'Inanlorenzana', '0155', '015511', '2021-07-19 09:29:55', '2021-07-19 09:29:55', 0),
(2142, 11, '015511032', 'Inirangan', '0155', '015511', '2021-07-19 09:29:55', '2021-07-19 09:29:55', 0),
(2143, 11, '015511033', 'Iton', '0155', '015511', '2021-07-19 09:29:55', '2021-07-19 09:29:55', 0),
(2144, 11, '015511034', 'Langiran', '0155', '015511', '2021-07-19 09:29:55', '2021-07-19 09:29:55', 0),
(2145, 11, '015511035', 'Ligue', '0155', '015511', '2021-07-19 09:29:55', '2021-07-19 09:29:55', 0),
(2146, 11, '015511036', 'M. H. del Pilar', '0155', '015511', '2021-07-19 09:29:55', '2021-07-19 09:29:55', 0),
(2147, 11, '015511037', 'Macayocayo', '0155', '015511', '2021-07-19 09:29:55', '2021-07-19 09:29:55', 0),
(2148, 11, '015511038', 'Magsaysay', '0155', '015511', '2021-07-19 09:29:55', '2021-07-19 09:29:55', 0),
(2149, 11, '015511039', 'Maigpa', '0155', '015511', '2021-07-19 09:29:55', '2021-07-19 09:29:55', 0),
(2150, 11, '015511040', 'Malimpec', '0155', '015511', '2021-07-19 09:29:55', '2021-07-19 09:29:55', 0),
(2151, 11, '015511041', 'Malioer', '0155', '015511', '2021-07-19 09:29:55', '2021-07-19 09:29:55', 0),
(2152, 11, '015511042', 'Managos', '0155', '015511', '2021-07-19 09:29:55', '2021-07-19 09:29:55', 0),
(2153, 11, '015511043', 'Manambong Norte', '0155', '015511', '2021-07-19 09:29:55', '2021-07-19 09:29:55', 0),
(2154, 11, '015511044', 'Manambong Parte', '0155', '015511', '2021-07-19 09:29:55', '2021-07-19 09:29:55', 0),
(2155, 11, '015511045', 'Manambong Sur', '0155', '015511', '2021-07-19 09:29:55', '2021-07-19 09:29:55', 0),
(2156, 11, '015511046', 'Mangayao', '0155', '015511', '2021-07-19 09:29:55', '2021-07-19 09:29:55', 0),
(2157, 11, '015511047', 'Nalsian Norte', '0155', '015511', '2021-07-19 09:29:55', '2021-07-19 09:29:55', 0),
(2158, 11, '015511048', 'Nalsian Sur', '0155', '015511', '2021-07-19 09:29:55', '2021-07-19 09:29:55', 0),
(2159, 11, '015511049', 'Pangdel', '0155', '015511', '2021-07-19 09:29:55', '2021-07-19 09:29:55', 0),
(2160, 11, '015511050', 'Pantol', '0155', '015511', '2021-07-19 09:29:55', '2021-07-19 09:29:55', 0),
(2161, 11, '015511051', 'Paragos', '0155', '015511', '2021-07-19 09:29:55', '2021-07-19 09:29:55', 0),
(2162, 11, '015511053', 'Poblacion Sur', '0155', '015511', '2021-07-19 09:29:55', '2021-07-19 09:29:55', 0),
(2163, 11, '015511054', 'Pugo', '0155', '015511', '2021-07-19 09:29:55', '2021-07-19 09:29:55', 0),
(2164, 11, '015511055', 'Reynado', '0155', '015511', '2021-07-19 09:29:55', '2021-07-19 09:29:55', 0),
(2165, 11, '015511056', 'San Gabriel 1st', '0155', '015511', '2021-07-19 09:29:55', '2021-07-19 09:29:55', 0),
(2166, 11, '015511057', 'San Gabriel 2nd', '0155', '015511', '2021-07-19 09:29:55', '2021-07-19 09:29:55', 0),
(2167, 11, '015511058', 'San Vicente', '0155', '015511', '2021-07-19 09:29:55', '2021-07-19 09:29:55', 0),
(2168, 11, '015511059', 'Sangcagulis', '0155', '015511', '2021-07-19 09:29:55', '2021-07-19 09:29:55', 0),
(2169, 11, '015511060', 'Sanlibo', '0155', '015511', '2021-07-19 09:29:55', '2021-07-19 09:29:55', 0),
(2170, 11, '015511061', 'Sapang', '0155', '015511', '2021-07-19 09:29:55', '2021-07-19 09:29:55', 0),
(2171, 11, '015511062', 'Tamaro', '0155', '015511', '2021-07-19 09:29:55', '2021-07-19 09:29:55', 0),
(2172, 11, '015511063', 'Tambac', '0155', '015511', '2021-07-19 09:29:55', '2021-07-19 09:29:55', 0),
(2173, 11, '015511064', 'Tampog', '0155', '015511', '2021-07-19 09:29:55', '2021-07-19 09:29:55', 0),
(2174, 11, '015511065', 'Darawey (Tangal)', '0155', '015511', '2021-07-19 09:29:55', '2021-07-19 09:29:55', 0),
(2175, 11, '015511066', 'Tanolong', '0155', '015511', '2021-07-19 09:29:55', '2021-07-19 09:29:55', 0),
(2176, 11, '015511067', 'Tatarao', '0155', '015511', '2021-07-19 09:29:55', '2021-07-19 09:29:55', 0),
(2177, 11, '015511068', 'Telbang', '0155', '015511', '2021-07-19 09:29:55', '2021-07-19 09:29:55', 0),
(2178, 11, '015511069', 'Tococ East', '0155', '015511', '2021-07-19 09:29:55', '2021-07-19 09:29:55', 0),
(2179, 11, '015511070', 'Tococ West', '0155', '015511', '2021-07-19 09:29:55', '2021-07-19 09:29:55', 0),
(2180, 11, '015511071', 'Warding', '0155', '015511', '2021-07-19 09:29:55', '2021-07-19 09:29:55', 0),
(2181, 11, '015511072', 'Wawa', '0155', '015511', '2021-07-19 09:29:55', '2021-07-19 09:29:55', 0),
(2182, 11, '015511073', 'Zone I (Pob.)', '0155', '015511', '2021-07-19 09:29:55', '2021-07-19 09:29:55', 0),
(2183, 11, '015511074', 'Zone II (Pob.)', '0155', '015511', '2021-07-19 09:29:55', '2021-07-19 09:29:55', 0),
(2184, 11, '015511075', 'Zone III (Pob.)', '0155', '015511', '2021-07-19 09:29:55', '2021-07-19 09:29:55', 0),
(2185, 11, '015511076', 'Zone IV (Pob.)', '0155', '015511', '2021-07-19 09:29:55', '2021-07-19 09:29:55', 0),
(2186, 11, '015511077', 'Zone V (Pob.)', '0155', '015511', '2021-07-19 09:29:55', '2021-07-19 09:29:55', 0),
(2187, 11, '015511078', 'Zone VI (Pob.)', '0155', '015511', '2021-07-19 09:29:55', '2021-07-19 09:29:55', 0),
(2188, 11, '015511079', 'Zone VII (Pob.)', '0155', '015511', '2021-07-19 09:29:55', '2021-07-19 09:29:55', 0),
(2189, 12, '015512001', 'Balangobong', '0155', '015512', '2021-07-19 09:29:55', '2021-07-19 09:29:55', 0),
(2190, 12, '015512002', 'Bued', '0155', '015512', '2021-07-19 09:29:55', '2021-07-19 09:29:55', 0),
(2191, 12, '015512003', 'Bugayong', '0155', '015512', '2021-07-19 09:29:55', '2021-07-19 09:29:55', 0),
(2192, 12, '015512004', 'Camangaan', '0155', '015512', '2021-07-19 09:29:55', '2021-07-19 09:29:55', 0),
(2193, 12, '015512005', 'Canarvacanan', '0155', '015512', '2021-07-19 09:29:55', '2021-07-19 09:29:55', 0),
(2194, 12, '015512006', 'Capas', '0155', '015512', '2021-07-19 09:29:55', '2021-07-19 09:29:55', 0),
(2195, 12, '015512007', 'Cili', '0155', '015512', '2021-07-19 09:29:55', '2021-07-19 09:29:55', 0),
(2196, 12, '015512008', 'Dumayat', '0155', '015512', '2021-07-19 09:29:55', '2021-07-19 09:29:55', 0),
(2197, 12, '015512009', 'Linmansangan', '0155', '015512', '2021-07-19 09:29:55', '2021-07-19 09:29:55', 0),
(2198, 12, '015512011', 'Mangcasuy', '0155', '015512', '2021-07-19 09:29:55', '2021-07-19 09:29:55', 0),
(2199, 12, '015512012', 'Moreno', '0155', '015512', '2021-07-19 09:29:55', '2021-07-19 09:29:55', 0),
(2200, 12, '015512013', 'Pasileng Norte', '0155', '015512', '2021-07-19 09:29:55', '2021-07-19 09:29:55', 0),
(2201, 12, '015512014', 'Pasileng Sur', '0155', '015512', '2021-07-19 09:29:55', '2021-07-19 09:29:55', 0),
(2202, 12, '015512015', 'Poblacion', '0155', '015512', '2021-07-19 09:29:55', '2021-07-19 09:29:55', 0),
(2203, 12, '015512016', 'San Felipe Central', '0155', '015512', '2021-07-19 09:29:55', '2021-07-19 09:29:55', 0),
(2204, 12, '015512017', 'San Felipe Sur', '0155', '015512', '2021-07-19 09:29:55', '2021-07-19 09:29:55', 0),
(2205, 12, '015512019', 'San Pablo', '0155', '015512', '2021-07-19 09:29:55', '2021-07-19 09:29:55', 0),
(2206, 12, '015512020', 'Santa Catalina', '0155', '015512', '2021-07-19 09:29:55', '2021-07-19 09:29:55', 0),
(2207, 12, '015512021', 'Santa Maria Norte', '0155', '015512', '2021-07-19 09:29:55', '2021-07-19 09:29:55', 0),
(2208, 12, '015512022', 'Santiago', '0155', '015512', '2021-07-19 09:29:55', '2021-07-19 09:29:55', 0),
(2209, 12, '015512023', 'Santo Niño', '0155', '015512', '2021-07-19 09:29:55', '2021-07-19 09:29:55', 0),
(2210, 12, '015512024', 'Sumabnit', '0155', '015512', '2021-07-19 09:29:55', '2021-07-19 09:29:55', 0),
(2211, 12, '015512025', 'Tabuyoc', '0155', '015512', '2021-07-19 09:29:55', '2021-07-19 09:29:55', 0),
(2212, 12, '015512026', 'Vacante', '0155', '015512', '2021-07-19 09:29:55', '2021-07-19 09:29:55', 0),
(2213, 13, '015513001', 'Amancoro', '0155', '015513', '2021-07-19 09:29:55', '2021-07-19 09:29:55', 0),
(2214, 13, '015513002', 'Balagan', '0155', '015513', '2021-07-19 09:29:55', '2021-07-19 09:29:55', 0),
(2215, 13, '015513003', 'Balogo', '0155', '015513', '2021-07-19 09:29:55', '2021-07-19 09:29:55', 0),
(2216, 13, '015513004', 'Basing', '0155', '015513', '2021-07-19 09:29:55', '2021-07-19 09:29:55', 0),
(2217, 13, '015513005', 'Baybay Lopez', '0155', '015513', '2021-07-19 09:29:55', '2021-07-19 09:29:55', 0),
(2218, 13, '015513006', 'Baybay Polong', '0155', '015513', '2021-07-19 09:29:55', '2021-07-19 09:29:55', 0),
(2219, 13, '015513007', 'Biec', '0155', '015513', '2021-07-19 09:29:55', '2021-07-19 09:29:55', 0),
(2220, 13, '015513008', 'Buenlag', '0155', '015513', '2021-07-19 09:29:55', '2021-07-19 09:29:55', 0),
(2221, 13, '015513009', 'Calit', '0155', '015513', '2021-07-19 09:29:55', '2021-07-19 09:29:55', 0),
(2222, 13, '015513010', 'Caloocan Norte', '0155', '015513', '2021-07-19 09:29:55', '2021-07-19 09:29:55', 0),
(2223, 13, '015513011', 'Caloocan Sur', '0155', '015513', '2021-07-19 09:29:55', '2021-07-19 09:29:55', 0),
(2224, 13, '015513012', 'Camaley', '0155', '015513', '2021-07-19 09:29:55', '2021-07-19 09:29:55', 0),
(2225, 13, '015513013', 'Canaoalan', '0155', '015513', '2021-07-19 09:29:55', '2021-07-19 09:29:55', 0),
(2226, 13, '015513014', 'Dulag', '0155', '015513', '2021-07-19 09:29:55', '2021-07-19 09:29:55', 0),
(2227, 13, '015513015', 'Gayaman', '0155', '015513', '2021-07-19 09:29:55', '2021-07-19 09:29:55', 0),
(2228, 13, '015513016', 'Linoc', '0155', '015513', '2021-07-19 09:29:55', '2021-07-19 09:29:55', 0),
(2229, 13, '015513017', 'Lomboy', '0155', '015513', '2021-07-19 09:29:55', '2021-07-19 09:29:55', 0),
(2230, 13, '015513018', 'Nagpalangan', '0155', '015513', '2021-07-19 09:29:55', '2021-07-19 09:29:55', 0),
(2231, 13, '015513019', 'Malindong', '0155', '015513', '2021-07-19 09:29:55', '2021-07-19 09:29:55', 0),
(2232, 13, '015513020', 'Manat', '0155', '015513', '2021-07-19 09:29:55', '2021-07-19 09:29:55', 0),
(2233, 13, '015513021', 'Naguilayan', '0155', '015513', '2021-07-19 09:29:55', '2021-07-19 09:29:55', 0),
(2234, 13, '015513022', 'Pallas', '0155', '015513', '2021-07-19 09:29:55', '2021-07-19 09:29:55', 0),
(2235, 13, '015513023', 'Papagueyan', '0155', '015513', '2021-07-19 09:29:55', '2021-07-19 09:29:55', 0),
(2236, 13, '015513024', 'Parayao', '0155', '015513', '2021-07-19 09:29:55', '2021-07-19 09:29:55', 0),
(2237, 13, '015513026', 'Poblacion', '0155', '015513', '2021-07-19 09:29:55', '2021-07-19 09:29:55', 0),
(2238, 13, '015513027', 'Pototan', '0155', '015513', '2021-07-19 09:29:55', '2021-07-19 09:29:55', 0),
(2239, 13, '015513028', 'Sabangan', '0155', '015513', '2021-07-19 09:29:55', '2021-07-19 09:29:55', 0),
(2240, 13, '015513029', 'Salapingao', '0155', '015513', '2021-07-19 09:29:55', '2021-07-19 09:29:55', 0),
(2241, 13, '015513030', 'San Isidro Norte', '0155', '015513', '2021-07-19 09:29:55', '2021-07-19 09:29:55', 0),
(2242, 13, '015513031', 'San Isidro Sur', '0155', '015513', '2021-07-19 09:29:55', '2021-07-19 09:29:55', 0),
(2243, 13, '015513032', 'Santa Rosa', '0155', '015513', '2021-07-19 09:29:55', '2021-07-19 09:29:55', 0),
(2244, 13, '015513033', 'Tombor', '0155', '015513', '2021-07-19 09:29:55', '2021-07-19 09:29:55', 0),
(2245, 13, '015513034', 'Caloocan Dupo', '0155', '015513', '2021-07-19 09:29:55', '2021-07-19 09:29:55', 0),
(2246, 14, '015514001', 'Arnedo', '0155', '015514', '2021-07-19 09:29:55', '2021-07-19 09:29:55', 0),
(2247, 14, '015514002', 'Balingasay', '0155', '015514', '2021-07-19 09:29:55', '2021-07-19 09:29:55', 0),
(2248, 14, '015514003', 'Binabalian', '0155', '015514', '2021-07-19 09:29:55', '2021-07-19 09:29:55', 0),
(2249, 14, '015514004', 'Cabuyao', '0155', '015514', '2021-07-19 09:29:55', '2021-07-19 09:29:55', 0),
(2250, 14, '015514005', 'Catuday', '0155', '015514', '2021-07-19 09:29:55', '2021-07-19 09:29:55', 0),
(2251, 14, '015514006', 'Catungi', '0155', '015514', '2021-07-19 09:29:55', '2021-07-19 09:29:55', 0),
(2252, 14, '015514007', 'Concordia (Pob.)', '0155', '015514', '2021-07-19 09:29:55', '2021-07-19 09:29:55', 0),
(2253, 14, '015514008', 'Culang', '0155', '015514', '2021-07-19 09:29:55', '2021-07-19 09:29:55', 0),
(2254, 14, '015514009', 'Dewey', '0155', '015514', '2021-07-19 09:29:55', '2021-07-19 09:29:55', 0),
(2255, 14, '015514010', 'Estanza', '0155', '015514', '2021-07-19 09:29:55', '2021-07-19 09:29:55', 0),
(2256, 14, '015514011', 'Germinal (Pob.)', '0155', '015514', '2021-07-19 09:29:55', '2021-07-19 09:29:55', 0),
(2257, 14, '015514012', 'Goyoden', '0155', '015514', '2021-07-19 09:29:55', '2021-07-19 09:29:55', 0),
(2258, 14, '015514013', 'Ilogmalino', '0155', '015514', '2021-07-19 09:29:55', '2021-07-19 09:29:55', 0),
(2259, 14, '015514014', 'Lambes (Lames)', '0155', '015514', '2021-07-19 09:29:55', '2021-07-19 09:29:55', 0),
(2260, 14, '015514015', 'Liwa-liwa', '0155', '015514', '2021-07-19 09:29:55', '2021-07-19 09:29:55', 0),
(2261, 14, '015514016', 'Lucero', '0155', '015514', '2021-07-19 09:29:55', '2021-07-19 09:29:55', 0),
(2262, 14, '015514017', 'Luciente 1.0', '0155', '015514', '2021-07-19 09:29:55', '2021-07-19 09:29:55', 0),
(2263, 14, '015514018', 'Luciente 2.0', '0155', '015514', '2021-07-19 09:29:55', '2021-07-19 09:29:55', 0),
(2264, 14, '015514019', 'Luna', '0155', '015514', '2021-07-19 09:29:55', '2021-07-19 09:29:55', 0),
(2265, 14, '015514020', 'Patar', '0155', '015514', '2021-07-19 09:29:55', '2021-07-19 09:29:55', 0),
(2266, 14, '015514021', 'Pilar', '0155', '015514', '2021-07-19 09:29:55', '2021-07-19 09:29:55', 0),
(2267, 14, '015514023', 'Salud', '0155', '015514', '2021-07-19 09:29:55', '2021-07-19 09:29:55', 0),
(2268, 14, '015514024', 'Samang Norte', '0155', '015514', '2021-07-19 09:29:55', '2021-07-19 09:29:55', 0),
(2269, 14, '015514025', 'Samang Sur', '0155', '015514', '2021-07-19 09:29:55', '2021-07-19 09:29:55', 0),
(2270, 14, '015514026', 'Sampaloc', '0155', '015514', '2021-07-19 09:29:55', '2021-07-19 09:29:55', 0),
(2271, 14, '015514027', 'San Roque', '0155', '015514', '2021-07-19 09:29:55', '2021-07-19 09:29:55', 0),
(2272, 14, '015514028', 'Tara', '0155', '015514', '2021-07-19 09:29:55', '2021-07-19 09:29:55', 0),
(2273, 14, '015514029', 'Tupa', '0155', '015514', '2021-07-19 09:29:55', '2021-07-19 09:29:55', 0),
(2274, 14, '015514030', 'Victory', '0155', '015514', '2021-07-19 09:29:55', '2021-07-19 09:29:55', 0),
(2275, 14, '015514031', 'Zaragoza', '0155', '015514', '2021-07-19 09:29:55', '2021-07-19 09:29:55', 0),
(2276, 15, '015515001', 'Angarian', '0155', '015515', '2021-07-19 09:29:55', '2021-07-19 09:29:55', 0),
(2277, 15, '015515002', 'Asinan', '0155', '015515', '2021-07-19 09:29:55', '2021-07-19 09:29:55', 0),
(2278, 15, '015515003', 'Banaga', '0155', '015515', '2021-07-19 09:29:55', '2021-07-19 09:29:55', 0),
(2279, 15, '015515004', 'Bacabac', '0155', '015515', '2021-07-19 09:29:55', '2021-07-19 09:29:55', 0),
(2280, 15, '015515005', 'Bolaoen', '0155', '015515', '2021-07-19 09:29:55', '2021-07-19 09:29:55', 0),
(2281, 15, '015515006', 'Buenlag', '0155', '015515', '2021-07-19 09:29:55', '2021-07-19 09:29:55', 0),
(2282, 15, '015515007', 'Cabayaoasan', '0155', '015515', '2021-07-19 09:29:55', '2021-07-19 09:29:55', 0),
(2283, 15, '015515008', 'Cayanga', '0155', '015515', '2021-07-19 09:29:55', '2021-07-19 09:29:55', 0),
(2284, 15, '015515009', 'Gueset', '0155', '015515', '2021-07-19 09:29:55', '2021-07-19 09:29:55', 0),
(2285, 15, '015515010', 'Hacienda', '0155', '015515', '2021-07-19 09:29:55', '2021-07-19 09:29:55', 0),
(2286, 15, '015515011', 'Laguit Centro', '0155', '015515', '2021-07-19 09:29:55', '2021-07-19 09:29:55', 0),
(2287, 15, '015515012', 'Laguit Padilla', '0155', '015515', '2021-07-19 09:29:55', '2021-07-19 09:29:55', 0),
(2288, 15, '015515013', 'Magtaking', '0155', '015515', '2021-07-19 09:29:55', '2021-07-19 09:29:55', 0),
(2289, 15, '015515014', 'Pangascasan', '0155', '015515', '2021-07-19 09:29:55', '2021-07-19 09:29:55', 0),
(2290, 15, '015515015', 'Pantal', '0155', '015515', '2021-07-19 09:29:55', '2021-07-19 09:29:55', 0),
(2291, 15, '015515016', 'Poblacion', '0155', '015515', '2021-07-19 09:29:55', '2021-07-19 09:29:55', 0),
(2292, 15, '015515017', 'Polong', '0155', '015515', '2021-07-19 09:29:55', '2021-07-19 09:29:55', 0),
(2293, 15, '015515018', 'Portic', '0155', '015515', '2021-07-19 09:29:55', '2021-07-19 09:29:55', 0),
(2294, 15, '015515019', 'Salasa', '0155', '015515', '2021-07-19 09:29:55', '2021-07-19 09:29:55', 0),
(2295, 15, '015515020', 'Salomague Norte', '0155', '015515', '2021-07-19 09:29:55', '2021-07-19 09:29:55', 0),
(2296, 15, '015515021', 'Salomague Sur', '0155', '015515', '2021-07-19 09:29:55', '2021-07-19 09:29:55', 0),
(2297, 15, '015515022', 'Samat', '0155', '015515', '2021-07-19 09:29:55', '2021-07-19 09:29:55', 0),
(2298, 15, '015515023', 'San Francisco', '0155', '015515', '2021-07-19 09:29:55', '2021-07-19 09:29:55', 0),
(2299, 15, '015515024', 'Umanday', '0155', '015515', '2021-07-19 09:29:55', '2021-07-19 09:29:55', 0),
(2300, 16, '015516001', 'Anapao (Bur Anapac)', '0155', '015516', '2021-07-19 09:29:55', '2021-07-19 09:29:55', 0),
(2301, 16, '015516003', 'Cacayasen', '0155', '015516', '2021-07-19 09:29:55', '2021-07-19 09:29:55', 0),
(2302, 16, '015516004', 'Concordia', '0155', '015516', '2021-07-19 09:29:55', '2021-07-19 09:29:55', 0),
(2303, 16, '015516005', 'Ilio-ilio (Iliw-iliw)', '0155', '015516', '2021-07-19 09:29:55', '2021-07-19 09:29:55', 0),
(2304, 16, '015516006', 'Papallasen', '0155', '015516', '2021-07-19 09:29:55', '2021-07-19 09:29:55', 0),
(2305, 16, '015516007', 'Poblacion', '0155', '015516', '2021-07-19 09:29:55', '2021-07-19 09:29:55', 0),
(2306, 16, '015516008', 'Pogoruac', '0155', '015516', '2021-07-19 09:29:55', '2021-07-19 09:29:55', 0),
(2307, 16, '015516009', 'Don Matias', '0155', '015516', '2021-07-19 09:29:55', '2021-07-19 09:29:55', 0),
(2308, 16, '015516010', 'San Miguel', '0155', '015516', '2021-07-19 09:29:55', '2021-07-19 09:29:55', 0),
(2309, 16, '015516011', 'San Pascual', '0155', '015516', '2021-07-19 09:29:55', '2021-07-19 09:29:55', 0),
(2310, 16, '015516012', 'San Vicente', '0155', '015516', '2021-07-19 09:29:55', '2021-07-19 09:29:55', 0),
(2311, 16, '015516013', 'Sapa Grande', '0155', '015516', '2021-07-19 09:29:55', '2021-07-19 09:29:55', 0),
(2312, 16, '015516014', 'Sapa Pequeña', '0155', '015516', '2021-07-19 09:29:55', '2021-07-19 09:29:55', 0),
(2313, 16, '015516015', 'Tambacan', '0155', '015516', '2021-07-19 09:29:55', '2021-07-19 09:29:55', 0),
(2314, 17, '015517001', 'Ambonao', '0155', '015517', '2021-07-19 09:29:55', '2021-07-19 09:29:55', 0),
(2315, 17, '015517002', 'Ambuetel', '0155', '015517', '2021-07-19 09:29:55', '2021-07-19 09:29:55', 0),
(2316, 17, '015517003', 'Banaoang', '0155', '015517', '2021-07-19 09:29:55', '2021-07-19 09:29:55', 0),
(2317, 17, '015517004', 'Bued', '0155', '015517', '2021-07-19 09:29:55', '2021-07-19 09:29:55', 0),
(2318, 17, '015517005', 'Buenlag', '0155', '015517', '2021-07-19 09:29:55', '2021-07-19 09:29:55', 0),
(2319, 17, '015517006', 'Cabilocaan', '0155', '015517', '2021-07-19 09:29:55', '2021-07-19 09:29:55', 0),
(2320, 17, '015517007', 'Dinalaoan', '0155', '015517', '2021-07-19 09:29:55', '2021-07-19 09:29:55', 0),
(2321, 17, '015517008', 'Doyong', '0155', '015517', '2021-07-19 09:29:55', '2021-07-19 09:29:55', 0),
(2322, 17, '015517009', 'Gabon', '0155', '015517', '2021-07-19 09:29:55', '2021-07-19 09:29:55', 0),
(2323, 17, '015517010', 'Lasip', '0155', '015517', '2021-07-19 09:29:55', '2021-07-19 09:29:55', 0),
(2324, 17, '015517011', 'Longos', '0155', '015517', '2021-07-19 09:29:55', '2021-07-19 09:29:55', 0),
(2325, 17, '015517012', 'Lumbang', '0155', '015517', '2021-07-19 09:29:55', '2021-07-19 09:29:55', 0),
(2326, 17, '015517013', 'Macabito', '0155', '015517', '2021-07-19 09:29:55', '2021-07-19 09:29:55', 0),
(2327, 17, '015517014', 'Malabago', '0155', '015517', '2021-07-19 09:29:55', '2021-07-19 09:29:55', 0),
(2328, 17, '015517015', 'Mancup', '0155', '015517', '2021-07-19 09:29:55', '2021-07-19 09:29:55', 0),
(2329, 17, '015517016', 'Nagsaing', '0155', '015517', '2021-07-19 09:29:55', '2021-07-19 09:29:55', 0),
(2330, 17, '015517017', 'Nalsian', '0155', '015517', '2021-07-19 09:29:55', '2021-07-19 09:29:55', 0),
(2331, 17, '015517018', 'Poblacion East', '0155', '015517', '2021-07-19 09:29:55', '2021-07-19 09:29:55', 0),
(2332, 17, '015517019', 'Poblacion West', '0155', '015517', '2021-07-19 09:29:55', '2021-07-19 09:29:55', 0),
(2333, 17, '015517020', 'Quesban', '0155', '015517', '2021-07-19 09:29:55', '2021-07-19 09:29:55', 0),
(2334, 17, '015517022', 'San Miguel', '0155', '015517', '2021-07-19 09:29:55', '2021-07-19 09:29:55', 0),
(2335, 17, '015517023', 'San Vicente', '0155', '015517', '2021-07-19 09:29:55', '2021-07-19 09:29:55', 0),
(2336, 17, '015517024', 'Songkoy', '0155', '015517', '2021-07-19 09:29:55', '2021-07-19 09:29:55', 0),
(2337, 17, '015517025', 'Talibaew', '0155', '015517', '2021-07-19 09:29:55', '2021-07-19 09:29:55', 0),
(2338, 18, '015518001', 'Bacayao Norte', '0155', '015518', '2021-07-19 09:29:55', '2021-07-19 09:29:55', 0),
(2339, 18, '015518002', 'Bacayao Sur', '0155', '015518', '2021-07-19 09:29:55', '2021-07-19 09:29:55', 0),
(2340, 18, '015518003', 'Barangay II (Nueva)', '0155', '015518', '2021-07-19 09:29:55', '2021-07-19 09:29:55', 0),
(2341, 18, '015518004', 'Barangay IV (Zamora)', '0155', '015518', '2021-07-19 09:29:55', '2021-07-19 09:29:55', 0),
(2342, 18, '015518006', 'Bolosan', '0155', '015518', '2021-07-19 09:29:55', '2021-07-19 09:29:55', 0),
(2343, 18, '015518007', 'Bonuan Binloc', '0155', '015518', '2021-07-19 09:29:55', '2021-07-19 09:29:55', 0),
(2344, 18, '015518008', 'Bonuan Boquig', '0155', '015518', '2021-07-19 09:29:55', '2021-07-19 09:29:55', 0),
(2345, 18, '015518009', 'Bonuan Gueset', '0155', '015518', '2021-07-19 09:29:55', '2021-07-19 09:29:55', 0),
(2346, 18, '015518010', 'Calmay', '0155', '015518', '2021-07-19 09:29:55', '2021-07-19 09:29:55', 0),
(2347, 18, '015518011', 'Carael', '0155', '015518', '2021-07-19 09:29:55', '2021-07-19 09:29:55', 0),
(2348, 18, '015518012', 'Caranglaan', '0155', '015518', '2021-07-19 09:29:55', '2021-07-19 09:29:55', 0),
(2349, 18, '015518013', 'Herrero', '0155', '015518', '2021-07-19 09:29:55', '2021-07-19 09:29:55', 0),
(2350, 18, '015518014', 'Lasip Chico', '0155', '015518', '2021-07-19 09:29:55', '2021-07-19 09:29:55', 0),
(2351, 18, '015518015', 'Lasip Grande', '0155', '015518', '2021-07-19 09:29:55', '2021-07-19 09:29:55', 0),
(2352, 18, '015518016', 'Lomboy', '0155', '015518', '2021-07-19 09:29:55', '2021-07-19 09:29:55', 0),
(2353, 18, '015518017', 'Lucao', '0155', '015518', '2021-07-19 09:29:55', '2021-07-19 09:29:55', 0),
(2354, 18, '015518018', 'Malued', '0155', '015518', '2021-07-19 09:29:55', '2021-07-19 09:29:55', 0),
(2355, 18, '015518019', 'Mamalingling', '0155', '015518', '2021-07-19 09:29:55', '2021-07-19 09:29:55', 0),
(2356, 18, '015518020', 'Mangin', '0155', '015518', '2021-07-19 09:29:55', '2021-07-19 09:29:55', 0),
(2357, 18, '015518021', 'Mayombo', '0155', '015518', '2021-07-19 09:29:55', '2021-07-19 09:29:55', 0),
(2358, 18, '015518022', 'Pantal', '0155', '015518', '2021-07-19 09:29:55', '2021-07-19 09:29:55', 0),
(2359, 18, '015518023', 'Poblacion Oeste', '0155', '015518', '2021-07-19 09:29:55', '2021-07-19 09:29:55', 0),
(2360, 18, '015518024', 'Barangay I (T. Bugallon)', '0155', '015518', '2021-07-19 09:29:55', '2021-07-19 09:29:55', 0),
(2361, 18, '015518025', 'Pogo Chico', '0155', '015518', '2021-07-19 09:29:55', '2021-07-19 09:29:55', 0),
(2362, 18, '015518026', 'Pogo Grande', '0155', '015518', '2021-07-19 09:29:55', '2021-07-19 09:29:55', 0),
(2363, 18, '015518027', 'Pugaro Suit', '0155', '015518', '2021-07-19 09:29:55', '2021-07-19 09:29:55', 0),
(2364, 18, '015518028', 'Salapingao', '0155', '015518', '2021-07-19 09:29:55', '2021-07-19 09:29:55', 0),
(2365, 18, '015518029', 'Salisay', '0155', '015518', '2021-07-19 09:29:55', '2021-07-19 09:29:55', 0),
(2366, 18, '015518030', 'Tambac', '0155', '015518', '2021-07-19 09:29:55', '2021-07-19 09:29:55', 0),
(2367, 18, '015518031', 'Tapuac', '0155', '015518', '2021-07-19 09:29:55', '2021-07-19 09:29:55', 0),
(2368, 18, '015518032', 'Tebeng', '0155', '015518', '2021-07-19 09:29:55', '2021-07-19 09:29:55', 0),
(2369, 19, '015519001', 'Alilao', '0155', '015519', '2021-07-19 09:29:55', '2021-07-19 09:29:55', 0),
(2370, 19, '015519002', 'Amalbalan', '0155', '015519', '2021-07-19 09:29:55', '2021-07-19 09:29:55', 0),
(2371, 19, '015519003', 'Bobonot', '0155', '015519', '2021-07-19 09:29:55', '2021-07-19 09:29:55', 0),
(2372, 19, '015519004', 'Eguia', '0155', '015519', '2021-07-19 09:29:55', '2021-07-19 09:29:55', 0),
(2373, 19, '015519005', 'Gais-Guipe', '0155', '015519', '2021-07-19 09:29:55', '2021-07-19 09:29:55', 0),
(2374, 19, '015519006', 'Hermosa', '0155', '015519', '2021-07-19 09:29:55', '2021-07-19 09:29:55', 0),
(2375, 19, '015519007', 'Macalang', '0155', '015519', '2021-07-19 09:29:55', '2021-07-19 09:29:55', 0),
(2376, 19, '015519008', 'Magsaysay', '0155', '015519', '2021-07-19 09:29:55', '2021-07-19 09:29:55', 0),
(2377, 19, '015519010', 'Malacapas', '0155', '015519', '2021-07-19 09:29:55', '2021-07-19 09:29:55', 0),
(2378, 19, '015519011', 'Malimpin', '0155', '015519', '2021-07-19 09:29:55', '2021-07-19 09:29:55', 0),
(2379, 19, '015519012', 'Osmeña', '0155', '015519', '2021-07-19 09:29:55', '2021-07-19 09:29:55', 0),
(2380, 19, '015519013', 'Petal', '0155', '015519', '2021-07-19 09:29:55', '2021-07-19 09:29:55', 0),
(2381, 19, '015519014', 'Poblacion', '0155', '015519', '2021-07-19 09:29:55', '2021-07-19 09:29:55', 0),
(2382, 19, '015519015', 'San Vicente', '0155', '015519', '2021-07-19 09:29:55', '2021-07-19 09:29:55', 0),
(2383, 19, '015519016', 'Tambac', '0155', '015519', '2021-07-19 09:29:55', '2021-07-19 09:29:55', 0),
(2384, 19, '015519017', 'Tambobong', '0155', '015519', '2021-07-19 09:29:55', '2021-07-19 09:29:55', 0),
(2385, 19, '015519018', 'Uli', '0155', '015519', '2021-07-19 09:29:55', '2021-07-19 09:29:55', 0),
(2386, 19, '015519019', 'Viga', '0155', '015519', '2021-07-19 09:29:55', '2021-07-19 09:29:55', 0),
(2387, 20, '015520002', 'Bamban', '0155', '015520', '2021-07-19 09:29:55', '2021-07-19 09:29:55', 0);
INSERT INTO `barangay` (`barangay_id`, `city_mun_id`, `barangay_code`, `barangay_name`, `province_code`, `city_mun_code`, `barangay_created_at`, `barangay_updated_at`, `is_archived`) VALUES
(2388, 20, '015520003', 'Batang', '0155', '015520', '2021-07-19 09:29:55', '2021-07-19 09:29:55', 0),
(2389, 20, '015520004', 'Bayambang', '0155', '015520', '2021-07-19 09:29:55', '2021-07-19 09:29:55', 0),
(2390, 20, '015520005', 'Cato', '0155', '015520', '2021-07-19 09:29:55', '2021-07-19 09:29:55', 0),
(2391, 20, '015520006', 'Doliman', '0155', '015520', '2021-07-19 09:29:55', '2021-07-19 09:29:55', 0),
(2392, 20, '015520007', 'Fatima', '0155', '015520', '2021-07-19 09:29:55', '2021-07-19 09:29:55', 0),
(2393, 20, '015520008', 'Maya', '0155', '015520', '2021-07-19 09:29:55', '2021-07-19 09:29:55', 0),
(2394, 20, '015520009', 'Nangalisan', '0155', '015520', '2021-07-19 09:29:55', '2021-07-19 09:29:55', 0),
(2395, 20, '015520010', 'Nayom', '0155', '015520', '2021-07-19 09:29:55', '2021-07-19 09:29:55', 0),
(2396, 20, '015520011', 'Pita', '0155', '015520', '2021-07-19 09:29:55', '2021-07-19 09:29:55', 0),
(2397, 20, '015520012', 'Poblacion', '0155', '015520', '2021-07-19 09:29:55', '2021-07-19 09:29:55', 0),
(2398, 20, '015520013', 'Potol', '0155', '015520', '2021-07-19 09:29:55', '2021-07-19 09:29:55', 0),
(2399, 20, '015520014', 'Babuyan', '0155', '015520', '2021-07-19 09:29:55', '2021-07-19 09:29:55', 0),
(2400, 21, '015521001', 'Bolo', '0155', '015521', '2021-07-19 09:29:55', '2021-07-19 09:29:55', 0),
(2401, 21, '015521002', 'Bongalon', '0155', '015521', '2021-07-19 09:29:55', '2021-07-19 09:29:55', 0),
(2402, 21, '015521003', 'Dulig', '0155', '015521', '2021-07-19 09:29:55', '2021-07-19 09:29:55', 0),
(2403, 21, '015521004', 'Laois', '0155', '015521', '2021-07-19 09:29:55', '2021-07-19 09:29:55', 0),
(2404, 21, '015521005', 'Magsaysay', '0155', '015521', '2021-07-19 09:29:55', '2021-07-19 09:29:55', 0),
(2405, 21, '015521006', 'Poblacion', '0155', '015521', '2021-07-19 09:29:55', '2021-07-19 09:29:55', 0),
(2406, 21, '015521007', 'San Gonzalo', '0155', '015521', '2021-07-19 09:29:55', '2021-07-19 09:29:55', 0),
(2407, 21, '015521008', 'San Jose', '0155', '015521', '2021-07-19 09:29:55', '2021-07-19 09:29:55', 0),
(2408, 21, '015521009', 'Tobuan', '0155', '015521', '2021-07-19 09:29:55', '2021-07-19 09:29:55', 0),
(2409, 21, '015521010', 'Uyong', '0155', '015521', '2021-07-19 09:29:55', '2021-07-19 09:29:55', 0),
(2410, 22, '015522001', 'Aliwekwek', '0155', '015522', '2021-07-19 09:29:55', '2021-07-19 09:29:55', 0),
(2411, 22, '015522002', 'Baay', '0155', '015522', '2021-07-19 09:29:55', '2021-07-19 09:29:55', 0),
(2412, 22, '015522003', 'Balangobong', '0155', '015522', '2021-07-19 09:29:55', '2021-07-19 09:29:55', 0),
(2413, 22, '015522004', 'Balococ', '0155', '015522', '2021-07-19 09:29:55', '2021-07-19 09:29:55', 0),
(2414, 22, '015522006', 'Bantayan', '0155', '015522', '2021-07-19 09:29:55', '2021-07-19 09:29:55', 0),
(2415, 22, '015522007', 'Basing', '0155', '015522', '2021-07-19 09:29:55', '2021-07-19 09:29:55', 0),
(2416, 22, '015522008', 'Capandanan', '0155', '015522', '2021-07-19 09:29:55', '2021-07-19 09:29:55', 0),
(2417, 22, '015522009', 'Domalandan Center', '0155', '015522', '2021-07-19 09:29:55', '2021-07-19 09:29:55', 0),
(2418, 22, '015522010', 'Domalandan East', '0155', '015522', '2021-07-19 09:29:55', '2021-07-19 09:29:55', 0),
(2419, 22, '015522011', 'Domalandan West', '0155', '015522', '2021-07-19 09:29:55', '2021-07-19 09:29:55', 0),
(2420, 22, '015522013', 'Dorongan', '0155', '015522', '2021-07-19 09:29:55', '2021-07-19 09:29:55', 0),
(2421, 22, '015522014', 'Dulag', '0155', '015522', '2021-07-19 09:29:55', '2021-07-19 09:29:55', 0),
(2422, 22, '015522015', 'Estanza', '0155', '015522', '2021-07-19 09:29:55', '2021-07-19 09:29:55', 0),
(2423, 22, '015522016', 'Lasip', '0155', '015522', '2021-07-19 09:29:55', '2021-07-19 09:29:55', 0),
(2424, 22, '015522017', 'Libsong East', '0155', '015522', '2021-07-19 09:29:55', '2021-07-19 09:29:55', 0),
(2425, 22, '015522018', 'Libsong West', '0155', '015522', '2021-07-19 09:29:55', '2021-07-19 09:29:55', 0),
(2426, 22, '015522019', 'Malawa', '0155', '015522', '2021-07-19 09:29:55', '2021-07-19 09:29:55', 0),
(2427, 22, '015522020', 'Malimpuec', '0155', '015522', '2021-07-19 09:29:55', '2021-07-19 09:29:55', 0),
(2428, 22, '015522021', 'Maniboc', '0155', '015522', '2021-07-19 09:29:55', '2021-07-19 09:29:55', 0),
(2429, 22, '015522022', 'Matalava', '0155', '015522', '2021-07-19 09:29:55', '2021-07-19 09:29:55', 0),
(2430, 22, '015522023', 'Naguelguel', '0155', '015522', '2021-07-19 09:29:55', '2021-07-19 09:29:55', 0),
(2431, 22, '015522025', 'Namolan', '0155', '015522', '2021-07-19 09:29:55', '2021-07-19 09:29:55', 0),
(2432, 22, '015522026', 'Pangapisan North', '0155', '015522', '2021-07-19 09:29:55', '2021-07-19 09:29:55', 0),
(2433, 22, '015522027', 'Pangapisan Sur', '0155', '015522', '2021-07-19 09:29:55', '2021-07-19 09:29:55', 0),
(2434, 22, '015522028', 'Poblacion', '0155', '015522', '2021-07-19 09:29:55', '2021-07-19 09:29:55', 0),
(2435, 22, '015522029', 'Quibaol', '0155', '015522', '2021-07-19 09:29:55', '2021-07-19 09:29:55', 0),
(2436, 22, '015522030', 'Rosario', '0155', '015522', '2021-07-19 09:29:55', '2021-07-19 09:29:55', 0),
(2437, 22, '015522031', 'Sabangan', '0155', '015522', '2021-07-19 09:29:55', '2021-07-19 09:29:55', 0),
(2438, 22, '015522032', 'Talogtog', '0155', '015522', '2021-07-19 09:29:55', '2021-07-19 09:29:55', 0),
(2439, 22, '015522033', 'Tonton', '0155', '015522', '2021-07-19 09:29:55', '2021-07-19 09:29:55', 0),
(2440, 22, '015522034', 'Tumbar', '0155', '015522', '2021-07-19 09:29:55', '2021-07-19 09:29:55', 0),
(2441, 22, '015522035', 'Wawa', '0155', '015522', '2021-07-19 09:29:55', '2021-07-19 09:29:55', 0),
(2442, 23, '015523002', 'Bacnit', '0155', '015523', '2021-07-19 09:29:55', '2021-07-19 09:29:55', 0),
(2443, 23, '015523003', 'Barlo', '0155', '015523', '2021-07-19 09:29:55', '2021-07-19 09:29:55', 0),
(2444, 23, '015523005', 'Caabiangaan', '0155', '015523', '2021-07-19 09:29:55', '2021-07-19 09:29:55', 0),
(2445, 23, '015523006', 'Cabanaetan', '0155', '015523', '2021-07-19 09:29:55', '2021-07-19 09:29:55', 0),
(2446, 23, '015523007', 'Cabinuangan', '0155', '015523', '2021-07-19 09:29:55', '2021-07-19 09:29:55', 0),
(2447, 23, '015523008', 'Calzada', '0155', '015523', '2021-07-19 09:29:55', '2021-07-19 09:29:55', 0),
(2448, 23, '015523009', 'Caranglaan', '0155', '015523', '2021-07-19 09:29:55', '2021-07-19 09:29:55', 0),
(2449, 23, '015523010', 'De Guzman', '0155', '015523', '2021-07-19 09:29:55', '2021-07-19 09:29:55', 0),
(2450, 23, '015523012', 'Luna', '0155', '015523', '2021-07-19 09:29:55', '2021-07-19 09:29:55', 0),
(2451, 23, '015523013', 'Magalong', '0155', '015523', '2021-07-19 09:29:55', '2021-07-19 09:29:55', 0),
(2452, 23, '015523014', 'Nibaliw', '0155', '015523', '2021-07-19 09:29:55', '2021-07-19 09:29:55', 0),
(2453, 23, '015523015', 'Patar', '0155', '015523', '2021-07-19 09:29:55', '2021-07-19 09:29:55', 0),
(2454, 23, '015523016', 'Poblacion', '0155', '015523', '2021-07-19 09:29:55', '2021-07-19 09:29:55', 0),
(2455, 23, '015523017', 'San Pedro', '0155', '015523', '2021-07-19 09:29:55', '2021-07-19 09:29:55', 0),
(2456, 23, '015523018', 'Tagudin', '0155', '015523', '2021-07-19 09:29:55', '2021-07-19 09:29:55', 0),
(2457, 23, '015523020', 'Villacorta', '0155', '015523', '2021-07-19 09:29:55', '2021-07-19 09:29:55', 0),
(2458, 24, '015524001', 'Abonagan', '0155', '015524', '2021-07-19 09:29:55', '2021-07-19 09:29:55', 0),
(2459, 24, '015524002', 'Agdao', '0155', '015524', '2021-07-19 09:29:55', '2021-07-19 09:29:55', 0),
(2460, 24, '015524003', 'Alacan', '0155', '015524', '2021-07-19 09:29:55', '2021-07-19 09:29:55', 0),
(2461, 24, '015524004', 'Aliaga', '0155', '015524', '2021-07-19 09:29:55', '2021-07-19 09:29:55', 0),
(2462, 24, '015524005', 'Amacalan', '0155', '015524', '2021-07-19 09:29:55', '2021-07-19 09:29:55', 0),
(2463, 24, '015524006', 'Anolid', '0155', '015524', '2021-07-19 09:29:55', '2021-07-19 09:29:55', 0),
(2464, 24, '015524007', 'Apaya', '0155', '015524', '2021-07-19 09:29:55', '2021-07-19 09:29:55', 0),
(2465, 24, '015524008', 'Asin Este', '0155', '015524', '2021-07-19 09:29:55', '2021-07-19 09:29:55', 0),
(2466, 24, '015524009', 'Asin Weste', '0155', '015524', '2021-07-19 09:29:55', '2021-07-19 09:29:55', 0),
(2467, 24, '015524010', 'Bacundao Este', '0155', '015524', '2021-07-19 09:29:55', '2021-07-19 09:29:55', 0),
(2468, 24, '015524011', 'Bacundao Weste', '0155', '015524', '2021-07-19 09:29:55', '2021-07-19 09:29:55', 0),
(2469, 24, '015524012', 'Bakitiw', '0155', '015524', '2021-07-19 09:29:55', '2021-07-19 09:29:55', 0),
(2470, 24, '015524013', 'Balite', '0155', '015524', '2021-07-19 09:29:55', '2021-07-19 09:29:55', 0),
(2471, 24, '015524014', 'Banawang', '0155', '015524', '2021-07-19 09:29:55', '2021-07-19 09:29:55', 0),
(2472, 24, '015524015', 'Barang', '0155', '015524', '2021-07-19 09:29:55', '2021-07-19 09:29:55', 0),
(2473, 24, '015524016', 'Bawer', '0155', '015524', '2021-07-19 09:29:55', '2021-07-19 09:29:55', 0),
(2474, 24, '015524017', 'Binalay', '0155', '015524', '2021-07-19 09:29:55', '2021-07-19 09:29:55', 0),
(2475, 24, '015524018', 'Bobon', '0155', '015524', '2021-07-19 09:29:55', '2021-07-19 09:29:55', 0),
(2476, 24, '015524019', 'Bolaoit', '0155', '015524', '2021-07-19 09:29:55', '2021-07-19 09:29:55', 0),
(2477, 24, '015524020', 'Bongar', '0155', '015524', '2021-07-19 09:29:55', '2021-07-19 09:29:55', 0),
(2478, 24, '015524021', 'Butao', '0155', '015524', '2021-07-19 09:29:55', '2021-07-19 09:29:55', 0),
(2479, 24, '015524022', 'Cabatling', '0155', '015524', '2021-07-19 09:29:55', '2021-07-19 09:29:55', 0),
(2480, 24, '015524023', 'Cabueldatan', '0155', '015524', '2021-07-19 09:29:55', '2021-07-19 09:29:55', 0),
(2481, 24, '015524026', 'Calbueg', '0155', '015524', '2021-07-19 09:29:55', '2021-07-19 09:29:55', 0),
(2482, 24, '015524027', 'Canan Norte', '0155', '015524', '2021-07-19 09:29:55', '2021-07-19 09:29:55', 0),
(2483, 24, '015524028', 'Canan Sur', '0155', '015524', '2021-07-19 09:29:55', '2021-07-19 09:29:55', 0),
(2484, 24, '015524029', 'Cawayan Bogtong', '0155', '015524', '2021-07-19 09:29:55', '2021-07-19 09:29:55', 0),
(2485, 24, '015524031', 'Don Pedro', '0155', '015524', '2021-07-19 09:29:55', '2021-07-19 09:29:55', 0),
(2486, 24, '015524032', 'Gatang', '0155', '015524', '2021-07-19 09:29:55', '2021-07-19 09:29:55', 0),
(2487, 24, '015524033', 'Goliman', '0155', '015524', '2021-07-19 09:29:55', '2021-07-19 09:29:55', 0),
(2488, 24, '015524034', 'Gomez', '0155', '015524', '2021-07-19 09:29:55', '2021-07-19 09:29:55', 0),
(2489, 24, '015524035', 'Guilig', '0155', '015524', '2021-07-19 09:29:55', '2021-07-19 09:29:55', 0),
(2490, 24, '015524036', 'Ican', '0155', '015524', '2021-07-19 09:29:55', '2021-07-19 09:29:55', 0),
(2491, 24, '015524037', 'Ingalagala', '0155', '015524', '2021-07-19 09:29:55', '2021-07-19 09:29:55', 0),
(2492, 24, '015524038', 'Lareg-lareg', '0155', '015524', '2021-07-19 09:29:55', '2021-07-19 09:29:55', 0),
(2493, 24, '015524039', 'Lasip', '0155', '015524', '2021-07-19 09:29:55', '2021-07-19 09:29:55', 0),
(2494, 24, '015524040', 'Lepa', '0155', '015524', '2021-07-19 09:29:55', '2021-07-19 09:29:55', 0),
(2495, 24, '015524041', 'Loqueb Este', '0155', '015524', '2021-07-19 09:29:55', '2021-07-19 09:29:55', 0),
(2496, 24, '015524042', 'Loqueb Norte', '0155', '015524', '2021-07-19 09:29:55', '2021-07-19 09:29:55', 0),
(2497, 24, '015524043', 'Loqueb Sur', '0155', '015524', '2021-07-19 09:29:55', '2021-07-19 09:29:55', 0),
(2498, 24, '015524044', 'Lunec', '0155', '015524', '2021-07-19 09:29:55', '2021-07-19 09:29:55', 0),
(2499, 24, '015524045', 'Mabulitec', '0155', '015524', '2021-07-19 09:29:55', '2021-07-19 09:29:55', 0),
(2500, 24, '015524047', 'Malimpec', '0155', '015524', '2021-07-19 09:29:55', '2021-07-19 09:29:55', 0),
(2501, 24, '015524048', 'Manggan-Dampay', '0155', '015524', '2021-07-19 09:29:55', '2021-07-19 09:29:55', 0),
(2502, 24, '015524049', 'Nancapian', '0155', '015524', '2021-07-19 09:29:55', '2021-07-19 09:29:55', 0),
(2503, 24, '015524050', 'Nalsian Norte', '0155', '015524', '2021-07-19 09:29:55', '2021-07-19 09:29:55', 0),
(2504, 24, '015524051', 'Nalsian Sur', '0155', '015524', '2021-07-19 09:29:55', '2021-07-19 09:29:55', 0),
(2505, 24, '015524053', 'Nansangaan', '0155', '015524', '2021-07-19 09:29:55', '2021-07-19 09:29:55', 0),
(2506, 24, '015524054', 'Olea', '0155', '015524', '2021-07-19 09:29:55', '2021-07-19 09:29:55', 0),
(2507, 24, '015524055', 'Pacuan', '0155', '015524', '2021-07-19 09:29:55', '2021-07-19 09:29:55', 0),
(2508, 24, '015524056', 'Palapar Norte', '0155', '015524', '2021-07-19 09:29:55', '2021-07-19 09:29:55', 0),
(2509, 24, '015524057', 'Palapar Sur', '0155', '015524', '2021-07-19 09:29:55', '2021-07-19 09:29:55', 0),
(2510, 24, '015524058', 'Palong', '0155', '015524', '2021-07-19 09:29:55', '2021-07-19 09:29:55', 0),
(2511, 24, '015524059', 'Pamaranum', '0155', '015524', '2021-07-19 09:29:55', '2021-07-19 09:29:55', 0),
(2512, 24, '015524060', 'Pasima', '0155', '015524', '2021-07-19 09:29:55', '2021-07-19 09:29:55', 0),
(2513, 24, '015524061', 'Payar', '0155', '015524', '2021-07-19 09:29:55', '2021-07-19 09:29:55', 0),
(2514, 24, '015524062', 'Poblacion', '0155', '015524', '2021-07-19 09:29:55', '2021-07-19 09:29:55', 0),
(2515, 24, '015524063', 'Polong Norte', '0155', '015524', '2021-07-19 09:29:55', '2021-07-19 09:29:55', 0),
(2516, 24, '015524064', 'Polong Sur', '0155', '015524', '2021-07-19 09:29:55', '2021-07-19 09:29:55', 0),
(2517, 24, '015524065', 'Potiocan', '0155', '015524', '2021-07-19 09:29:55', '2021-07-19 09:29:55', 0),
(2518, 24, '015524066', 'San Julian', '0155', '015524', '2021-07-19 09:29:55', '2021-07-19 09:29:55', 0),
(2519, 24, '015524067', 'Tabo-Sili', '0155', '015524', '2021-07-19 09:29:55', '2021-07-19 09:29:55', 0),
(2520, 24, '015524068', 'Tobor', '0155', '015524', '2021-07-19 09:29:55', '2021-07-19 09:29:55', 0),
(2521, 24, '015524069', 'Talospatang', '0155', '015524', '2021-07-19 09:29:55', '2021-07-19 09:29:55', 0),
(2522, 24, '015524070', 'Taloy', '0155', '015524', '2021-07-19 09:29:55', '2021-07-19 09:29:55', 0),
(2523, 24, '015524071', 'Taloyan', '0155', '015524', '2021-07-19 09:29:55', '2021-07-19 09:29:55', 0),
(2524, 24, '015524072', 'Tambac', '0155', '015524', '2021-07-19 09:29:55', '2021-07-19 09:29:55', 0),
(2525, 24, '015524073', 'Tolonguat', '0155', '015524', '2021-07-19 09:29:55', '2021-07-19 09:29:55', 0),
(2526, 24, '015524074', 'Tomling', '0155', '015524', '2021-07-19 09:29:55', '2021-07-19 09:29:55', 0),
(2527, 24, '015524075', 'Umando', '0155', '015524', '2021-07-19 09:29:55', '2021-07-19 09:29:55', 0),
(2528, 24, '015524076', 'Viado', '0155', '015524', '2021-07-19 09:29:55', '2021-07-19 09:29:55', 0),
(2529, 24, '015524077', 'Waig', '0155', '015524', '2021-07-19 09:29:55', '2021-07-19 09:29:55', 0),
(2530, 24, '015524078', 'Warey', '0155', '015524', '2021-07-19 09:29:55', '2021-07-19 09:29:55', 0),
(2531, 25, '015525002', 'Babasit', '0155', '015525', '2021-07-19 09:29:55', '2021-07-19 09:29:55', 0),
(2532, 25, '015525003', 'Baguinay', '0155', '015525', '2021-07-19 09:29:55', '2021-07-19 09:29:55', 0),
(2533, 25, '015525004', 'Baritao', '0155', '015525', '2021-07-19 09:29:55', '2021-07-19 09:29:55', 0),
(2534, 25, '015525005', 'Bisal', '0155', '015525', '2021-07-19 09:29:55', '2021-07-19 09:29:55', 0),
(2535, 25, '015525007', 'Bucao', '0155', '015525', '2021-07-19 09:29:55', '2021-07-19 09:29:55', 0),
(2536, 25, '015525009', 'Cabanbanan', '0155', '015525', '2021-07-19 09:29:55', '2021-07-19 09:29:55', 0),
(2537, 25, '015525014', 'Calaocan', '0155', '015525', '2021-07-19 09:29:55', '2021-07-19 09:29:55', 0),
(2538, 25, '015525019', 'Inamotan', '0155', '015525', '2021-07-19 09:29:55', '2021-07-19 09:29:55', 0),
(2539, 25, '015525023', 'Lelemaan', '0155', '015525', '2021-07-19 09:29:55', '2021-07-19 09:29:55', 0),
(2540, 25, '015525024', 'Licsi', '0155', '015525', '2021-07-19 09:29:55', '2021-07-19 09:29:55', 0),
(2541, 25, '015525025', 'Lipit Norte', '0155', '015525', '2021-07-19 09:29:55', '2021-07-19 09:29:55', 0),
(2542, 25, '015525026', 'Lipit Sur', '0155', '015525', '2021-07-19 09:29:55', '2021-07-19 09:29:55', 0),
(2543, 25, '015525027', 'Parian', '0155', '015525', '2021-07-19 09:29:55', '2021-07-19 09:29:55', 0),
(2544, 25, '015525028', 'Matolong', '0155', '015525', '2021-07-19 09:29:55', '2021-07-19 09:29:55', 0),
(2545, 25, '015525030', 'Mermer', '0155', '015525', '2021-07-19 09:29:55', '2021-07-19 09:29:55', 0),
(2546, 25, '015525031', 'Nalsian', '0155', '015525', '2021-07-19 09:29:55', '2021-07-19 09:29:55', 0),
(2547, 25, '015525033', 'Oraan East', '0155', '015525', '2021-07-19 09:29:55', '2021-07-19 09:29:55', 0),
(2548, 25, '015525034', 'Oraan West', '0155', '015525', '2021-07-19 09:29:55', '2021-07-19 09:29:55', 0),
(2549, 25, '015525036', 'Pantal', '0155', '015525', '2021-07-19 09:29:55', '2021-07-19 09:29:55', 0),
(2550, 25, '015525037', 'Pao', '0155', '015525', '2021-07-19 09:29:55', '2021-07-19 09:29:55', 0),
(2551, 25, '015525039', 'Poblacion', '0155', '015525', '2021-07-19 09:29:55', '2021-07-19 09:29:55', 0),
(2552, 25, '015525040', 'Pugaro', '0155', '015525', '2021-07-19 09:29:55', '2021-07-19 09:29:55', 0),
(2553, 25, '015525041', 'San Ramon', '0155', '015525', '2021-07-19 09:29:55', '2021-07-19 09:29:55', 0),
(2554, 25, '015525042', 'Santa Ines', '0155', '015525', '2021-07-19 09:29:55', '2021-07-19 09:29:55', 0),
(2555, 25, '015525043', 'Sapang', '0155', '015525', '2021-07-19 09:29:55', '2021-07-19 09:29:55', 0),
(2556, 25, '015525045', 'Tebuel', '0155', '015525', '2021-07-19 09:29:55', '2021-07-19 09:29:55', 0),
(2557, 26, '015526001', 'Alitaya', '0155', '015526', '2021-07-19 09:29:55', '2021-07-19 09:29:55', 0),
(2558, 26, '015526002', 'Amansabina', '0155', '015526', '2021-07-19 09:29:55', '2021-07-19 09:29:55', 0),
(2559, 26, '015526003', 'Anolid', '0155', '015526', '2021-07-19 09:29:55', '2021-07-19 09:29:55', 0),
(2560, 26, '015526004', 'Banaoang', '0155', '015526', '2021-07-19 09:29:55', '2021-07-19 09:29:55', 0),
(2561, 26, '015526005', 'Bantayan', '0155', '015526', '2021-07-19 09:29:55', '2021-07-19 09:29:55', 0),
(2562, 26, '015526006', 'Bari', '0155', '015526', '2021-07-19 09:29:55', '2021-07-19 09:29:55', 0),
(2563, 26, '015526007', 'Bateng', '0155', '015526', '2021-07-19 09:29:55', '2021-07-19 09:29:55', 0),
(2564, 26, '015526008', 'Buenlag', '0155', '015526', '2021-07-19 09:29:55', '2021-07-19 09:29:55', 0),
(2565, 26, '015526009', 'David', '0155', '015526', '2021-07-19 09:29:55', '2021-07-19 09:29:55', 0),
(2566, 26, '015526010', 'Embarcadero', '0155', '015526', '2021-07-19 09:29:55', '2021-07-19 09:29:55', 0),
(2567, 26, '015526011', 'Gueguesangen', '0155', '015526', '2021-07-19 09:29:55', '2021-07-19 09:29:55', 0),
(2568, 26, '015526012', 'Guesang', '0155', '015526', '2021-07-19 09:29:55', '2021-07-19 09:29:55', 0),
(2569, 26, '015526013', 'Guiguilonen', '0155', '015526', '2021-07-19 09:29:55', '2021-07-19 09:29:55', 0),
(2570, 26, '015526014', 'Guilig', '0155', '015526', '2021-07-19 09:29:55', '2021-07-19 09:29:55', 0),
(2571, 26, '015526015', 'Inlambo', '0155', '015526', '2021-07-19 09:29:55', '2021-07-19 09:29:55', 0),
(2572, 26, '015526016', 'Lanas', '0155', '015526', '2021-07-19 09:29:55', '2021-07-19 09:29:55', 0),
(2573, 26, '015526017', 'Landas', '0155', '015526', '2021-07-19 09:29:55', '2021-07-19 09:29:55', 0),
(2574, 26, '015526018', 'Maasin', '0155', '015526', '2021-07-19 09:29:55', '2021-07-19 09:29:55', 0),
(2575, 26, '015526019', 'Macayug', '0155', '015526', '2021-07-19 09:29:55', '2021-07-19 09:29:55', 0),
(2576, 26, '015526020', 'Malabago', '0155', '015526', '2021-07-19 09:29:55', '2021-07-19 09:29:55', 0),
(2577, 26, '015526021', 'Navaluan', '0155', '015526', '2021-07-19 09:29:55', '2021-07-19 09:29:55', 0),
(2578, 26, '015526022', 'Nibaliw', '0155', '015526', '2021-07-19 09:29:55', '2021-07-19 09:29:55', 0),
(2579, 26, '015526023', 'Osiem', '0155', '015526', '2021-07-19 09:29:55', '2021-07-19 09:29:55', 0),
(2580, 26, '015526024', 'Palua', '0155', '015526', '2021-07-19 09:29:55', '2021-07-19 09:29:55', 0),
(2581, 26, '015526025', 'Poblacion', '0155', '015526', '2021-07-19 09:29:55', '2021-07-19 09:29:55', 0),
(2582, 26, '015526026', 'Pogo', '0155', '015526', '2021-07-19 09:29:55', '2021-07-19 09:29:55', 0),
(2583, 26, '015526027', 'Salaan', '0155', '015526', '2021-07-19 09:29:55', '2021-07-19 09:29:55', 0),
(2584, 26, '015526028', 'Salay', '0155', '015526', '2021-07-19 09:29:55', '2021-07-19 09:29:55', 0),
(2585, 26, '015526029', 'Tebag', '0155', '015526', '2021-07-19 09:29:55', '2021-07-19 09:29:55', 0),
(2586, 26, '015526030', 'Talogtog', '0155', '015526', '2021-07-19 09:29:55', '2021-07-19 09:29:55', 0),
(2587, 27, '015527001', 'Andangin', '0155', '015527', '2021-07-19 09:29:55', '2021-07-19 09:29:55', 0),
(2588, 27, '015527002', 'Arellano Street (Pob.)', '0155', '015527', '2021-07-19 09:29:55', '2021-07-19 09:29:55', 0),
(2589, 27, '015527003', 'Bantay', '0155', '015527', '2021-07-19 09:29:55', '2021-07-19 09:29:55', 0),
(2590, 27, '015527004', 'Bantocaling', '0155', '015527', '2021-07-19 09:29:55', '2021-07-19 09:29:55', 0),
(2591, 27, '015527005', 'Baracbac', '0155', '015527', '2021-07-19 09:29:55', '2021-07-19 09:29:55', 0),
(2592, 27, '015527006', 'Peania Pedania (Bedania)', '0155', '015527', '2021-07-19 09:29:55', '2021-07-19 09:29:55', 0),
(2593, 27, '015527007', 'Bogtong Bolo', '0155', '015527', '2021-07-19 09:29:55', '2021-07-19 09:29:55', 0),
(2594, 27, '015527008', 'Bogtong Bunao', '0155', '015527', '2021-07-19 09:29:55', '2021-07-19 09:29:55', 0),
(2595, 27, '015527009', 'Bogtong Centro', '0155', '015527', '2021-07-19 09:29:55', '2021-07-19 09:29:55', 0),
(2596, 27, '015527010', 'Bogtong Niog', '0155', '015527', '2021-07-19 09:29:55', '2021-07-19 09:29:55', 0),
(2597, 27, '015527011', 'Bogtong Silag', '0155', '015527', '2021-07-19 09:29:55', '2021-07-19 09:29:55', 0),
(2598, 27, '015527012', 'Buaya', '0155', '015527', '2021-07-19 09:29:55', '2021-07-19 09:29:55', 0),
(2599, 27, '015527013', 'Buenlag', '0155', '015527', '2021-07-19 09:29:55', '2021-07-19 09:29:55', 0),
(2600, 27, '015527014', 'Bueno', '0155', '015527', '2021-07-19 09:29:55', '2021-07-19 09:29:55', 0),
(2601, 27, '015527015', 'Bunagan', '0155', '015527', '2021-07-19 09:29:55', '2021-07-19 09:29:55', 0),
(2602, 27, '015527017', 'Bunlalacao', '0155', '015527', '2021-07-19 09:29:55', '2021-07-19 09:29:55', 0),
(2603, 27, '015527018', 'Burgos Street (Pob.)', '0155', '015527', '2021-07-19 09:29:55', '2021-07-19 09:29:55', 0),
(2604, 27, '015527019', 'Cabaluyan 1st', '0155', '015527', '2021-07-19 09:29:55', '2021-07-19 09:29:55', 0),
(2605, 27, '015527020', 'Cabaluyan 2nd', '0155', '015527', '2021-07-19 09:29:55', '2021-07-19 09:29:55', 0),
(2606, 27, '015527021', 'Cabarabuan', '0155', '015527', '2021-07-19 09:29:55', '2021-07-19 09:29:55', 0),
(2607, 27, '015527022', 'Cabaruan', '0155', '015527', '2021-07-19 09:29:55', '2021-07-19 09:29:55', 0),
(2608, 27, '015527023', 'Cabayaoasan', '0155', '015527', '2021-07-19 09:29:55', '2021-07-19 09:29:55', 0),
(2609, 27, '015527024', 'Cabayugan', '0155', '015527', '2021-07-19 09:29:55', '2021-07-19 09:29:55', 0),
(2610, 27, '015527025', 'Cacaoiten', '0155', '015527', '2021-07-19 09:29:55', '2021-07-19 09:29:55', 0),
(2611, 27, '015527026', 'Calumboyan Norte', '0155', '015527', '2021-07-19 09:29:55', '2021-07-19 09:29:55', 0),
(2612, 27, '015527027', 'Calumboyan Sur', '0155', '015527', '2021-07-19 09:29:55', '2021-07-19 09:29:55', 0),
(2613, 27, '015527028', 'Calvo (Pob.)', '0155', '015527', '2021-07-19 09:29:55', '2021-07-19 09:29:55', 0),
(2614, 27, '015527029', 'Casilagan', '0155', '015527', '2021-07-19 09:29:55', '2021-07-19 09:29:55', 0),
(2615, 27, '015527030', 'Catarataraan', '0155', '015527', '2021-07-19 09:29:55', '2021-07-19 09:29:55', 0),
(2616, 27, '015527031', 'Caturay Norte', '0155', '015527', '2021-07-19 09:29:55', '2021-07-19 09:29:55', 0),
(2617, 27, '015527032', 'Caturay Sur', '0155', '015527', '2021-07-19 09:29:55', '2021-07-19 09:29:55', 0),
(2618, 27, '015527033', 'Caviernesan', '0155', '015527', '2021-07-19 09:29:55', '2021-07-19 09:29:55', 0),
(2619, 27, '015527034', 'Dorongan Ketaket', '0155', '015527', '2021-07-19 09:29:55', '2021-07-19 09:29:55', 0),
(2620, 27, '015527035', 'Dorongan Linmansangan', '0155', '015527', '2021-07-19 09:29:55', '2021-07-19 09:29:55', 0),
(2621, 27, '015527036', 'Dorongan Punta', '0155', '015527', '2021-07-19 09:29:55', '2021-07-19 09:29:55', 0),
(2622, 27, '015527037', 'Dorongan Sawat', '0155', '015527', '2021-07-19 09:29:55', '2021-07-19 09:29:55', 0),
(2623, 27, '015527038', 'Dorongan Valerio', '0155', '015527', '2021-07-19 09:29:55', '2021-07-19 09:29:55', 0),
(2624, 27, '015527039', 'General Luna (Pob.)', '0155', '015527', '2021-07-19 09:29:55', '2021-07-19 09:29:55', 0),
(2625, 27, '015527040', 'Historia', '0155', '015527', '2021-07-19 09:29:55', '2021-07-19 09:29:55', 0),
(2626, 27, '015527041', 'Lawak Langka', '0155', '015527', '2021-07-19 09:29:55', '2021-07-19 09:29:55', 0),
(2627, 27, '015527042', 'Linmansangan', '0155', '015527', '2021-07-19 09:29:55', '2021-07-19 09:29:55', 0),
(2628, 27, '015527043', 'Lopez (Pob.)', '0155', '015527', '2021-07-19 09:29:55', '2021-07-19 09:29:55', 0),
(2629, 27, '015527044', 'Mabini (Pob.)', '0155', '015527', '2021-07-19 09:29:55', '2021-07-19 09:29:55', 0),
(2630, 27, '015527045', 'Macarang', '0155', '015527', '2021-07-19 09:29:55', '2021-07-19 09:29:55', 0),
(2631, 27, '015527046', 'Malabobo', '0155', '015527', '2021-07-19 09:29:55', '2021-07-19 09:29:55', 0),
(2632, 27, '015527047', 'Malibong', '0155', '015527', '2021-07-19 09:29:55', '2021-07-19 09:29:55', 0),
(2633, 27, '015527048', 'Malunec', '0155', '015527', '2021-07-19 09:29:55', '2021-07-19 09:29:55', 0),
(2634, 27, '015527049', 'Maravilla (Pob.)', '0155', '015527', '2021-07-19 09:29:55', '2021-07-19 09:29:55', 0),
(2635, 27, '015527050', 'Maravilla-Arellano Ext. (Pob.)', '0155', '015527', '2021-07-19 09:29:55', '2021-07-19 09:29:55', 0),
(2636, 27, '015527051', 'Muelang', '0155', '015527', '2021-07-19 09:29:55', '2021-07-19 09:29:55', 0),
(2637, 27, '015527052', 'Naguilayan East', '0155', '015527', '2021-07-19 09:29:55', '2021-07-19 09:29:55', 0),
(2638, 27, '015527053', 'Naguilayan West', '0155', '015527', '2021-07-19 09:29:55', '2021-07-19 09:29:55', 0),
(2639, 27, '015527054', 'Nancasalan', '0155', '015527', '2021-07-19 09:29:55', '2021-07-19 09:29:55', 0),
(2640, 27, '015527055', 'Niog-Cabison-Bulaney', '0155', '015527', '2021-07-19 09:29:55', '2021-07-19 09:29:55', 0),
(2641, 27, '015527056', 'Olegario-Caoile (Pob.)', '0155', '015527', '2021-07-19 09:29:55', '2021-07-19 09:29:55', 0),
(2642, 27, '015527057', 'Olo Cacamposan', '0155', '015527', '2021-07-19 09:29:55', '2021-07-19 09:29:55', 0),
(2643, 27, '015527058', 'Olo Cafabrosan', '0155', '015527', '2021-07-19 09:29:55', '2021-07-19 09:29:55', 0),
(2644, 27, '015527059', 'Olo Cagarlitan', '0155', '015527', '2021-07-19 09:29:55', '2021-07-19 09:29:55', 0),
(2645, 27, '015527060', 'Osmeña (Pob.)', '0155', '015527', '2021-07-19 09:29:55', '2021-07-19 09:29:55', 0),
(2646, 27, '015527061', 'Pacalat', '0155', '015527', '2021-07-19 09:29:55', '2021-07-19 09:29:55', 0),
(2647, 27, '015527062', 'Pampano', '0155', '015527', '2021-07-19 09:29:55', '2021-07-19 09:29:55', 0),
(2648, 27, '015527063', 'Parian', '0155', '015527', '2021-07-19 09:29:55', '2021-07-19 09:29:55', 0),
(2649, 27, '015527064', 'Paul', '0155', '015527', '2021-07-19 09:29:55', '2021-07-19 09:29:55', 0),
(2650, 27, '015527065', 'Pogon-Aniat', '0155', '015527', '2021-07-19 09:29:55', '2021-07-19 09:29:55', 0),
(2651, 27, '015527066', 'Pogon-Lomboy (Pob.)', '0155', '015527', '2021-07-19 09:29:55', '2021-07-19 09:29:55', 0),
(2652, 27, '015527067', 'Ponglo-Baleg', '0155', '015527', '2021-07-19 09:29:55', '2021-07-19 09:29:55', 0),
(2653, 27, '015527068', 'Ponglo-Muelag', '0155', '015527', '2021-07-19 09:29:55', '2021-07-19 09:29:55', 0),
(2654, 27, '015527069', 'Quetegan (Pogon-Baleg)', '0155', '015527', '2021-07-19 09:29:55', '2021-07-19 09:29:55', 0),
(2655, 27, '015527070', 'Quezon (Pob.)', '0155', '015527', '2021-07-19 09:29:55', '2021-07-19 09:29:55', 0),
(2656, 27, '015527071', 'Salavante', '0155', '015527', '2021-07-19 09:29:55', '2021-07-19 09:29:55', 0),
(2657, 27, '015527072', 'Sapang', '0155', '015527', '2021-07-19 09:29:55', '2021-07-19 09:29:55', 0),
(2658, 27, '015527073', 'Sonson Ongkit', '0155', '015527', '2021-07-19 09:29:55', '2021-07-19 09:29:55', 0),
(2659, 27, '015527074', 'Suaco', '0155', '015527', '2021-07-19 09:29:55', '2021-07-19 09:29:55', 0),
(2660, 27, '015527075', 'Tagac', '0155', '015527', '2021-07-19 09:29:55', '2021-07-19 09:29:55', 0),
(2661, 27, '015527076', 'Takipan', '0155', '015527', '2021-07-19 09:29:55', '2021-07-19 09:29:55', 0),
(2662, 27, '015527077', 'Talogtog', '0155', '015527', '2021-07-19 09:29:55', '2021-07-19 09:29:55', 0),
(2663, 27, '015527078', 'Tococ Barikir', '0155', '015527', '2021-07-19 09:29:55', '2021-07-19 09:29:55', 0),
(2664, 27, '015527079', 'Torre 1st', '0155', '015527', '2021-07-19 09:29:55', '2021-07-19 09:29:55', 0),
(2665, 27, '015527080', 'Torre 2nd', '0155', '015527', '2021-07-19 09:29:55', '2021-07-19 09:29:55', 0),
(2666, 27, '015527081', 'Torres Bugallon (Pob.)', '0155', '015527', '2021-07-19 09:29:55', '2021-07-19 09:29:55', 0),
(2667, 27, '015527082', 'Umangan', '0155', '015527', '2021-07-19 09:29:55', '2021-07-19 09:29:55', 0),
(2668, 27, '015527083', 'Zamora (Pob.)', '0155', '015527', '2021-07-19 09:29:55', '2021-07-19 09:29:55', 0),
(2669, 28, '015528001', 'Amanoaoac', '0155', '015528', '2021-07-19 09:29:55', '2021-07-19 09:29:55', 0),
(2670, 28, '015528002', 'Apaya', '0155', '015528', '2021-07-19 09:29:55', '2021-07-19 09:29:55', 0),
(2671, 28, '015528003', 'Aserda', '0155', '015528', '2021-07-19 09:29:55', '2021-07-19 09:29:55', 0),
(2672, 28, '015528004', 'Baloling', '0155', '015528', '2021-07-19 09:29:55', '2021-07-19 09:29:55', 0),
(2673, 28, '015528006', 'Coral', '0155', '015528', '2021-07-19 09:29:55', '2021-07-19 09:29:55', 0),
(2674, 28, '015528007', 'Golden', '0155', '015528', '2021-07-19 09:29:55', '2021-07-19 09:29:55', 0),
(2675, 28, '015528008', 'Jimenez', '0155', '015528', '2021-07-19 09:29:55', '2021-07-19 09:29:55', 0),
(2676, 28, '015528009', 'Lambayan', '0155', '015528', '2021-07-19 09:29:55', '2021-07-19 09:29:55', 0),
(2677, 28, '015528010', 'Luyan (Luyan South)', '0155', '015528', '2021-07-19 09:29:55', '2021-07-19 09:29:55', 0),
(2678, 28, '015528012', 'Nilombot', '0155', '015528', '2021-07-19 09:29:55', '2021-07-19 09:29:55', 0),
(2679, 28, '015528013', 'Pias', '0155', '015528', '2021-07-19 09:29:55', '2021-07-19 09:29:55', 0),
(2680, 28, '015528014', 'Poblacion', '0155', '015528', '2021-07-19 09:29:55', '2021-07-19 09:29:55', 0),
(2681, 28, '015528015', 'Primicias', '0155', '015528', '2021-07-19 09:29:55', '2021-07-19 09:29:55', 0),
(2682, 28, '015528016', 'Santa Maria (Luyan North)', '0155', '015528', '2021-07-19 09:29:55', '2021-07-19 09:29:55', 0),
(2683, 28, '015528018', 'Torres', '0155', '015528', '2021-07-19 09:29:55', '2021-07-19 09:29:55', 0),
(2684, 29, '015529001', 'Barangobong', '0155', '015529', '2021-07-19 09:29:55', '2021-07-19 09:29:55', 0),
(2685, 29, '015529003', 'Batchelor East', '0155', '015529', '2021-07-19 09:29:55', '2021-07-19 09:29:55', 0),
(2686, 29, '015529004', 'Batchelor West', '0155', '015529', '2021-07-19 09:29:55', '2021-07-19 09:29:55', 0),
(2687, 29, '015529005', 'Burgos (San Narciso)', '0155', '015529', '2021-07-19 09:29:55', '2021-07-19 09:29:55', 0),
(2688, 29, '015529006', 'Cacandungan', '0155', '015529', '2021-07-19 09:29:55', '2021-07-19 09:29:55', 0),
(2689, 29, '015529007', 'Calapugan', '0155', '015529', '2021-07-19 09:29:55', '2021-07-19 09:29:55', 0),
(2690, 29, '015529008', 'Canarem', '0155', '015529', '2021-07-19 09:29:55', '2021-07-19 09:29:55', 0),
(2691, 29, '015529009', 'Luna', '0155', '015529', '2021-07-19 09:29:55', '2021-07-19 09:29:55', 0),
(2692, 29, '015529011', 'Poblacion East', '0155', '015529', '2021-07-19 09:29:55', '2021-07-19 09:29:55', 0),
(2693, 29, '015529012', 'Poblacion West', '0155', '015529', '2021-07-19 09:29:55', '2021-07-19 09:29:55', 0),
(2694, 29, '015529013', 'Rizal', '0155', '015529', '2021-07-19 09:29:55', '2021-07-19 09:29:55', 0),
(2695, 29, '015529014', 'Salud', '0155', '015529', '2021-07-19 09:29:55', '2021-07-19 09:29:55', 0),
(2696, 29, '015529015', 'San Eugenio', '0155', '015529', '2021-07-19 09:29:55', '2021-07-19 09:29:55', 0),
(2697, 29, '015529017', 'San Macario Norte', '0155', '015529', '2021-07-19 09:29:55', '2021-07-19 09:29:55', 0),
(2698, 29, '015529018', 'San Macario Sur', '0155', '015529', '2021-07-19 09:29:55', '2021-07-19 09:29:55', 0),
(2699, 29, '015529019', 'San Maximo', '0155', '015529', '2021-07-19 09:29:55', '2021-07-19 09:29:55', 0),
(2700, 29, '015529020', 'San Miguel', '0155', '015529', '2021-07-19 09:29:55', '2021-07-19 09:29:55', 0),
(2701, 29, '015529022', 'Silag', '0155', '015529', '2021-07-19 09:29:55', '2021-07-19 09:29:55', 0),
(2702, 30, '015530001', 'Alipangpang', '0155', '015530', '2021-07-19 09:29:55', '2021-07-19 09:29:55', 0),
(2703, 30, '015530002', 'Amagbagan', '0155', '015530', '2021-07-19 09:29:55', '2021-07-19 09:29:55', 0),
(2704, 30, '015530003', 'Balacag', '0155', '015530', '2021-07-19 09:29:55', '2021-07-19 09:29:55', 0),
(2705, 30, '015530004', 'Banding', '0155', '015530', '2021-07-19 09:29:55', '2021-07-19 09:29:55', 0),
(2706, 30, '015530006', 'Bantugan', '0155', '015530', '2021-07-19 09:29:55', '2021-07-19 09:29:55', 0),
(2707, 30, '015530007', 'Batakil', '0155', '015530', '2021-07-19 09:29:55', '2021-07-19 09:29:55', 0),
(2708, 30, '015530008', 'Bobonan', '0155', '015530', '2021-07-19 09:29:55', '2021-07-19 09:29:55', 0),
(2709, 30, '015530009', 'Buneg', '0155', '015530', '2021-07-19 09:29:55', '2021-07-19 09:29:55', 0),
(2710, 30, '015530010', 'Cablong', '0155', '015530', '2021-07-19 09:29:55', '2021-07-19 09:29:55', 0),
(2711, 30, '015530011', 'Castaño', '0155', '015530', '2021-07-19 09:29:55', '2021-07-19 09:29:55', 0),
(2712, 30, '015530012', 'Dilan', '0155', '015530', '2021-07-19 09:29:55', '2021-07-19 09:29:55', 0),
(2713, 30, '015530013', 'Don Benito', '0155', '015530', '2021-07-19 09:29:55', '2021-07-19 09:29:55', 0),
(2714, 30, '015530014', 'Haway', '0155', '015530', '2021-07-19 09:29:55', '2021-07-19 09:29:55', 0),
(2715, 30, '015530015', 'Imbalbalatong', '0155', '015530', '2021-07-19 09:29:55', '2021-07-19 09:29:55', 0),
(2716, 30, '015530016', 'Inoman', '0155', '015530', '2021-07-19 09:29:55', '2021-07-19 09:29:55', 0),
(2717, 30, '015530017', 'Laoac', '0155', '015530', '2021-07-19 09:29:55', '2021-07-19 09:29:55', 0),
(2718, 30, '015530018', 'Maambal', '0155', '015530', '2021-07-19 09:29:55', '2021-07-19 09:29:55', 0),
(2719, 30, '015530019', 'Malasin', '0155', '015530', '2021-07-19 09:29:55', '2021-07-19 09:29:55', 0),
(2720, 30, '015530020', 'Malokiat', '0155', '015530', '2021-07-19 09:29:55', '2021-07-19 09:29:55', 0),
(2721, 30, '015530021', 'Manaol', '0155', '015530', '2021-07-19 09:29:55', '2021-07-19 09:29:55', 0),
(2722, 30, '015530022', 'Nama', '0155', '015530', '2021-07-19 09:29:55', '2021-07-19 09:29:55', 0),
(2723, 30, '015530023', 'Nantangalan', '0155', '015530', '2021-07-19 09:29:55', '2021-07-19 09:29:55', 0),
(2724, 30, '015530024', 'Palacpalac', '0155', '015530', '2021-07-19 09:29:55', '2021-07-19 09:29:55', 0),
(2725, 30, '015530025', 'Palguyod', '0155', '015530', '2021-07-19 09:29:55', '2021-07-19 09:29:55', 0),
(2726, 30, '015530026', 'Poblacion I', '0155', '015530', '2021-07-19 09:29:55', '2021-07-19 09:29:55', 0),
(2727, 30, '015530027', 'Poblacion II', '0155', '015530', '2021-07-19 09:29:55', '2021-07-19 09:29:55', 0),
(2728, 30, '015530028', 'Poblacion III', '0155', '015530', '2021-07-19 09:29:55', '2021-07-19 09:29:55', 0),
(2729, 30, '015530029', 'Poblacion IV', '0155', '015530', '2021-07-19 09:29:55', '2021-07-19 09:29:55', 0),
(2730, 30, '015530030', 'Rosario', '0155', '015530', '2021-07-19 09:29:55', '2021-07-19 09:29:55', 0),
(2731, 30, '015530031', 'Sugcong', '0155', '015530', '2021-07-19 09:29:55', '2021-07-19 09:29:55', 0),
(2732, 30, '015530032', 'Talogtog', '0155', '015530', '2021-07-19 09:29:55', '2021-07-19 09:29:55', 0),
(2733, 30, '015530033', 'Tulnac', '0155', '015530', '2021-07-19 09:29:55', '2021-07-19 09:29:55', 0),
(2734, 30, '015530034', 'Villegas', '0155', '015530', '2021-07-19 09:29:55', '2021-07-19 09:29:55', 0),
(2735, 30, '015530035', 'Casanfernandoan', '0155', '015530', '2021-07-19 09:29:55', '2021-07-19 09:29:55', 0),
(2736, 31, '015531001', 'Acop', '0155', '015531', '2021-07-19 09:29:55', '2021-07-19 09:29:55', 0),
(2737, 31, '015531002', 'Bakitbakit', '0155', '015531', '2021-07-19 09:29:55', '2021-07-19 09:29:55', 0),
(2738, 31, '015531003', 'Balingcanaway', '0155', '015531', '2021-07-19 09:29:55', '2021-07-19 09:29:55', 0),
(2739, 31, '015531004', 'Cabalaoangan Norte', '0155', '015531', '2021-07-19 09:29:55', '2021-07-19 09:29:55', 0),
(2740, 31, '015531005', 'Cabalaoangan Sur', '0155', '015531', '2021-07-19 09:29:55', '2021-07-19 09:29:55', 0),
(2741, 31, '015531006', 'Camangaan', '0155', '015531', '2021-07-19 09:29:55', '2021-07-19 09:29:55', 0),
(2742, 31, '015531007', 'Capitan Tomas', '0155', '015531', '2021-07-19 09:29:55', '2021-07-19 09:29:55', 0),
(2743, 31, '015531008', 'Carmay West', '0155', '015531', '2021-07-19 09:29:55', '2021-07-19 09:29:55', 0),
(2744, 31, '015531009', 'Carmen East', '0155', '015531', '2021-07-19 09:29:55', '2021-07-19 09:29:55', 0),
(2745, 31, '015531010', 'Carmen West', '0155', '015531', '2021-07-19 09:29:55', '2021-07-19 09:29:55', 0),
(2746, 31, '015531012', 'Casanicolasan', '0155', '015531', '2021-07-19 09:29:55', '2021-07-19 09:29:55', 0),
(2747, 31, '015531013', 'Coliling', '0155', '015531', '2021-07-19 09:29:55', '2021-07-19 09:29:55', 0),
(2748, 31, '015531014', 'Calanutan (Don Felix Coloma)', '0155', '015531', '2021-07-19 09:29:55', '2021-07-19 09:29:55', 0),
(2749, 31, '015531015', 'Guiling', '0155', '015531', '2021-07-19 09:29:55', '2021-07-19 09:29:55', 0),
(2750, 31, '015531016', 'Palakipak', '0155', '015531', '2021-07-19 09:29:55', '2021-07-19 09:29:55', 0),
(2751, 31, '015531017', 'Pangaoan', '0155', '015531', '2021-07-19 09:29:55', '2021-07-19 09:29:55', 0),
(2752, 31, '015531018', 'Rabago', '0155', '015531', '2021-07-19 09:29:55', '2021-07-19 09:29:55', 0),
(2753, 31, '015531019', 'Rizal', '0155', '015531', '2021-07-19 09:29:55', '2021-07-19 09:29:55', 0),
(2754, 31, '015531020', 'Salvacion', '0155', '015531', '2021-07-19 09:29:55', '2021-07-19 09:29:55', 0),
(2755, 31, '015531021', 'San Antonio', '0155', '015531', '2021-07-19 09:29:55', '2021-07-19 09:29:55', 0),
(2756, 31, '015531022', 'San Bartolome', '0155', '015531', '2021-07-19 09:29:55', '2021-07-19 09:29:55', 0),
(2757, 31, '015531023', 'San Isidro', '0155', '015531', '2021-07-19 09:29:55', '2021-07-19 09:29:55', 0),
(2758, 31, '015531024', 'San Luis', '0155', '015531', '2021-07-19 09:29:55', '2021-07-19 09:29:55', 0),
(2759, 31, '015531025', 'San Pedro East', '0155', '015531', '2021-07-19 09:29:55', '2021-07-19 09:29:55', 0),
(2760, 31, '015531026', 'San Pedro West', '0155', '015531', '2021-07-19 09:29:55', '2021-07-19 09:29:55', 0),
(2761, 31, '015531027', 'San Vicente', '0155', '015531', '2021-07-19 09:29:55', '2021-07-19 09:29:55', 0),
(2762, 31, '015531028', 'San Angel', '0155', '015531', '2021-07-19 09:29:55', '2021-07-19 09:29:55', 0),
(2763, 31, '015531029', 'Station District', '0155', '015531', '2021-07-19 09:29:55', '2021-07-19 09:29:55', 0),
(2764, 31, '015531031', 'Tomana East', '0155', '015531', '2021-07-19 09:29:55', '2021-07-19 09:29:55', 0),
(2765, 31, '015531032', 'Tomana West', '0155', '015531', '2021-07-19 09:29:55', '2021-07-19 09:29:55', 0),
(2766, 31, '015531033', 'Zone I (Pob.)', '0155', '015531', '2021-07-19 09:29:55', '2021-07-19 09:29:55', 0),
(2767, 31, '015531034', 'Zone IV (Pob.)', '0155', '015531', '2021-07-19 09:29:55', '2021-07-19 09:29:55', 0),
(2768, 31, '015531035', 'Carmay East', '0155', '015531', '2021-07-19 09:29:55', '2021-07-19 09:29:55', 0),
(2769, 31, '015531036', 'Don Antonio Village', '0155', '015531', '2021-07-19 09:29:55', '2021-07-19 09:29:55', 0),
(2770, 31, '015531037', 'Zone II (Pob.)', '0155', '015531', '2021-07-19 09:29:55', '2021-07-19 09:29:55', 0),
(2771, 31, '015531038', 'Zone III (Pob.)', '0155', '015531', '2021-07-19 09:29:55', '2021-07-19 09:29:55', 0),
(2772, 31, '015531039', 'Zone V (Pob.)', '0155', '015531', '2021-07-19 09:29:55', '2021-07-19 09:29:55', 0),
(2773, 32, '015532001', 'Abanon', '0155', '015532', '2021-07-19 09:29:55', '2021-07-19 09:29:55', 0),
(2774, 32, '015532002', 'Agdao', '0155', '015532', '2021-07-19 09:29:55', '2021-07-19 09:29:55', 0),
(2775, 32, '015532003', 'Anando', '0155', '015532', '2021-07-19 09:29:55', '2021-07-19 09:29:55', 0),
(2776, 32, '015532004', 'Ano', '0155', '015532', '2021-07-19 09:29:55', '2021-07-19 09:29:55', 0),
(2777, 32, '015532005', 'Antipangol', '0155', '015532', '2021-07-19 09:29:55', '2021-07-19 09:29:55', 0),
(2778, 32, '015532006', 'Aponit', '0155', '015532', '2021-07-19 09:29:55', '2021-07-19 09:29:55', 0),
(2779, 32, '015532007', 'Bacnar', '0155', '015532', '2021-07-19 09:29:55', '2021-07-19 09:29:55', 0),
(2780, 32, '015532008', 'Balaya', '0155', '015532', '2021-07-19 09:29:55', '2021-07-19 09:29:55', 0),
(2781, 32, '015532009', 'Balayong', '0155', '015532', '2021-07-19 09:29:55', '2021-07-19 09:29:55', 0),
(2782, 32, '015532010', 'Baldog', '0155', '015532', '2021-07-19 09:29:55', '2021-07-19 09:29:55', 0),
(2783, 32, '015532011', 'Balite Sur', '0155', '015532', '2021-07-19 09:29:55', '2021-07-19 09:29:55', 0),
(2784, 32, '015532012', 'Balococ', '0155', '015532', '2021-07-19 09:29:55', '2021-07-19 09:29:55', 0),
(2785, 32, '015532013', 'Bani', '0155', '015532', '2021-07-19 09:29:55', '2021-07-19 09:29:55', 0),
(2786, 32, '015532014', 'Bega', '0155', '015532', '2021-07-19 09:29:55', '2021-07-19 09:29:55', 0),
(2787, 32, '015532015', 'Bocboc', '0155', '015532', '2021-07-19 09:29:55', '2021-07-19 09:29:55', 0),
(2788, 32, '015532016', 'Bugallon-Posadas Street (Pob.)', '0155', '015532', '2021-07-19 09:29:55', '2021-07-19 09:29:55', 0),
(2789, 32, '015532017', 'Bogaoan', '0155', '015532', '2021-07-19 09:29:55', '2021-07-19 09:29:55', 0),
(2790, 32, '015532018', 'Bolingit', '0155', '015532', '2021-07-19 09:29:55', '2021-07-19 09:29:55', 0),
(2791, 32, '015532019', 'Bolosan', '0155', '015532', '2021-07-19 09:29:55', '2021-07-19 09:29:55', 0),
(2792, 32, '015532020', 'Bonifacio (Pob.)', '0155', '015532', '2021-07-19 09:29:55', '2021-07-19 09:29:55', 0),
(2793, 32, '015532021', 'Buenglat', '0155', '015532', '2021-07-19 09:29:55', '2021-07-19 09:29:55', 0),
(2794, 32, '015532022', 'Burgos Padlan (Pob.)', '0155', '015532', '2021-07-19 09:29:55', '2021-07-19 09:29:55', 0),
(2795, 32, '015532023', 'Cacaritan', '0155', '015532', '2021-07-19 09:29:55', '2021-07-19 09:29:55', 0),
(2796, 32, '015532024', 'Caingal', '0155', '015532', '2021-07-19 09:29:55', '2021-07-19 09:29:55', 0),
(2797, 32, '015532025', 'Calobaoan', '0155', '015532', '2021-07-19 09:29:55', '2021-07-19 09:29:55', 0),
(2798, 32, '015532026', 'Calomboyan', '0155', '015532', '2021-07-19 09:29:55', '2021-07-19 09:29:55', 0),
(2799, 32, '015532027', 'Capataan', '0155', '015532', '2021-07-19 09:29:55', '2021-07-19 09:29:55', 0),
(2800, 32, '015532028', 'Caoayan-Kiling', '0155', '015532', '2021-07-19 09:29:55', '2021-07-19 09:29:55', 0),
(2801, 32, '015532029', 'Cobol', '0155', '015532', '2021-07-19 09:29:55', '2021-07-19 09:29:55', 0),
(2802, 32, '015532030', 'Coliling', '0155', '015532', '2021-07-19 09:29:55', '2021-07-19 09:29:55', 0),
(2803, 32, '015532031', 'Cruz', '0155', '015532', '2021-07-19 09:29:55', '2021-07-19 09:29:55', 0),
(2804, 32, '015532032', 'Doyong', '0155', '015532', '2021-07-19 09:29:55', '2021-07-19 09:29:55', 0),
(2805, 32, '015532035', 'Gamata', '0155', '015532', '2021-07-19 09:29:55', '2021-07-19 09:29:55', 0),
(2806, 32, '015532036', 'Guelew', '0155', '015532', '2021-07-19 09:29:55', '2021-07-19 09:29:55', 0),
(2807, 32, '015532037', 'Ilang', '0155', '015532', '2021-07-19 09:29:55', '2021-07-19 09:29:55', 0),
(2808, 32, '015532038', 'Inerangan', '0155', '015532', '2021-07-19 09:29:55', '2021-07-19 09:29:55', 0),
(2809, 32, '015532039', 'Isla', '0155', '015532', '2021-07-19 09:29:55', '2021-07-19 09:29:55', 0),
(2810, 32, '015532040', 'Libas', '0155', '015532', '2021-07-19 09:29:55', '2021-07-19 09:29:55', 0),
(2811, 32, '015532041', 'Lilimasan', '0155', '015532', '2021-07-19 09:29:55', '2021-07-19 09:29:55', 0),
(2812, 32, '015532043', 'Longos', '0155', '015532', '2021-07-19 09:29:55', '2021-07-19 09:29:55', 0),
(2813, 32, '015532044', 'Lucban (Pob.)', '0155', '015532', '2021-07-19 09:29:55', '2021-07-19 09:29:55', 0),
(2814, 32, '015532045', 'Mabalbalino', '0155', '015532', '2021-07-19 09:29:55', '2021-07-19 09:29:55', 0),
(2815, 32, '015532046', 'Mabini (Pob.)', '0155', '015532', '2021-07-19 09:29:55', '2021-07-19 09:29:55', 0),
(2816, 32, '015532047', 'Magtaking', '0155', '015532', '2021-07-19 09:29:55', '2021-07-19 09:29:55', 0),
(2817, 32, '015532048', 'Malacañang', '0155', '015532', '2021-07-19 09:29:55', '2021-07-19 09:29:55', 0),
(2818, 32, '015532050', 'Maliwara', '0155', '015532', '2021-07-19 09:29:55', '2021-07-19 09:29:55', 0),
(2819, 32, '015532051', 'Mamarlao', '0155', '015532', '2021-07-19 09:29:55', '2021-07-19 09:29:55', 0),
(2820, 32, '015532052', 'Manzon', '0155', '015532', '2021-07-19 09:29:55', '2021-07-19 09:29:55', 0),
(2821, 32, '015532053', 'Matagdem', '0155', '015532', '2021-07-19 09:29:55', '2021-07-19 09:29:55', 0),
(2822, 32, '015532054', 'Mestizo Norte', '0155', '015532', '2021-07-19 09:29:55', '2021-07-19 09:29:55', 0),
(2823, 32, '015532055', 'Naguilayan', '0155', '015532', '2021-07-19 09:29:55', '2021-07-19 09:29:55', 0),
(2824, 32, '015532056', 'Nilentap', '0155', '015532', '2021-07-19 09:29:55', '2021-07-19 09:29:55', 0),
(2825, 32, '015532057', 'Padilla-Gomez', '0155', '015532', '2021-07-19 09:29:55', '2021-07-19 09:29:55', 0),
(2826, 32, '015532058', 'Pagal', '0155', '015532', '2021-07-19 09:29:55', '2021-07-19 09:29:55', 0),
(2827, 32, '015532060', 'Palaming', '0155', '015532', '2021-07-19 09:29:55', '2021-07-19 09:29:55', 0),
(2828, 32, '015532061', 'Palaris (Pob.)', '0155', '015532', '2021-07-19 09:29:55', '2021-07-19 09:29:55', 0),
(2829, 32, '015532062', 'Palospos', '0155', '015532', '2021-07-19 09:29:55', '2021-07-19 09:29:55', 0),
(2830, 32, '015532063', 'Pangalangan', '0155', '015532', '2021-07-19 09:29:55', '2021-07-19 09:29:55', 0),
(2831, 32, '015532064', 'Pangoloan', '0155', '015532', '2021-07-19 09:29:55', '2021-07-19 09:29:55', 0),
(2832, 32, '015532065', 'Pangpang', '0155', '015532', '2021-07-19 09:29:55', '2021-07-19 09:29:55', 0),
(2833, 32, '015532066', 'Paitan-Panoypoy', '0155', '015532', '2021-07-19 09:29:55', '2021-07-19 09:29:55', 0),
(2834, 32, '015532067', 'Parayao', '0155', '015532', '2021-07-19 09:29:55', '2021-07-19 09:29:55', 0),
(2835, 32, '015532069', 'Payapa', '0155', '015532', '2021-07-19 09:29:55', '2021-07-19 09:29:55', 0),
(2836, 32, '015532070', 'Payar', '0155', '015532', '2021-07-19 09:29:55', '2021-07-19 09:29:55', 0),
(2837, 32, '015532071', 'Perez Boulevard (Pob.)', '0155', '015532', '2021-07-19 09:29:55', '2021-07-19 09:29:55', 0),
(2838, 32, '015532072', 'Polo', '0155', '015532', '2021-07-19 09:29:55', '2021-07-19 09:29:55', 0),
(2839, 32, '015532073', 'Quezon Boulevard (Pob.)', '0155', '015532', '2021-07-19 09:29:55', '2021-07-19 09:29:55', 0),
(2840, 32, '015532074', 'Quintong', '0155', '015532', '2021-07-19 09:29:55', '2021-07-19 09:29:55', 0),
(2841, 32, '015532075', 'Rizal (Pob.)', '0155', '015532', '2021-07-19 09:29:55', '2021-07-19 09:29:55', 0),
(2842, 32, '015532076', 'Roxas Boulevard (Pob.)', '0155', '015532', '2021-07-19 09:29:55', '2021-07-19 09:29:55', 0),
(2843, 32, '015532077', 'Salinap', '0155', '015532', '2021-07-19 09:29:55', '2021-07-19 09:29:55', 0),
(2844, 32, '015532078', 'San Juan', '0155', '015532', '2021-07-19 09:29:55', '2021-07-19 09:29:55', 0),
(2845, 32, '015532079', 'San Pedro-Taloy', '0155', '015532', '2021-07-19 09:29:55', '2021-07-19 09:29:55', 0),
(2846, 32, '015532080', 'Sapinit', '0155', '015532', '2021-07-19 09:29:55', '2021-07-19 09:29:55', 0),
(2847, 32, '015532081', 'PNR Station Site', '0155', '015532', '2021-07-19 09:29:55', '2021-07-19 09:29:55', 0),
(2848, 32, '015532082', 'Supo', '0155', '015532', '2021-07-19 09:29:55', '2021-07-19 09:29:55', 0),
(2849, 32, '015532083', 'Talang', '0155', '015532', '2021-07-19 09:29:55', '2021-07-19 09:29:55', 0),
(2850, 32, '015532084', 'Tamayo', '0155', '015532', '2021-07-19 09:29:55', '2021-07-19 09:29:55', 0),
(2851, 32, '015532085', 'Tandoc', '0155', '015532', '2021-07-19 09:29:55', '2021-07-19 09:29:55', 0),
(2852, 32, '015532086', 'Tarece', '0155', '015532', '2021-07-19 09:29:55', '2021-07-19 09:29:55', 0),
(2853, 32, '015532087', 'Tarectec', '0155', '015532', '2021-07-19 09:29:55', '2021-07-19 09:29:55', 0),
(2854, 32, '015532088', 'Tayambani', '0155', '015532', '2021-07-19 09:29:55', '2021-07-19 09:29:55', 0),
(2855, 32, '015532089', 'Tebag', '0155', '015532', '2021-07-19 09:29:55', '2021-07-19 09:29:55', 0),
(2856, 32, '015532090', 'Turac', '0155', '015532', '2021-07-19 09:29:55', '2021-07-19 09:29:55', 0),
(2857, 32, '015532091', 'M. Soriano', '0155', '015532', '2021-07-19 09:29:55', '2021-07-19 09:29:55', 0),
(2858, 32, '015532092', 'Tandang Sora', '0155', '015532', '2021-07-19 09:29:55', '2021-07-19 09:29:55', 0),
(2859, 33, '015533001', 'Ambalangan-Dalin', '0155', '015533', '2021-07-19 09:29:55', '2021-07-19 09:29:55', 0),
(2860, 33, '015533002', 'Angio', '0155', '015533', '2021-07-19 09:29:55', '2021-07-19 09:29:55', 0),
(2861, 33, '015533003', 'Anonang', '0155', '015533', '2021-07-19 09:29:55', '2021-07-19 09:29:55', 0),
(2862, 33, '015533004', 'Aramal', '0155', '015533', '2021-07-19 09:29:55', '2021-07-19 09:29:55', 0),
(2863, 33, '015533006', 'Bigbiga', '0155', '015533', '2021-07-19 09:29:55', '2021-07-19 09:29:55', 0),
(2864, 33, '015533007', 'Binday', '0155', '015533', '2021-07-19 09:29:55', '2021-07-19 09:29:55', 0),
(2865, 33, '015533008', 'Bolaoen', '0155', '015533', '2021-07-19 09:29:55', '2021-07-19 09:29:55', 0),
(2866, 33, '015533009', 'Bolasi', '0155', '015533', '2021-07-19 09:29:55', '2021-07-19 09:29:55', 0),
(2867, 33, '015533010', 'Cayanga', '0155', '015533', '2021-07-19 09:29:55', '2021-07-19 09:29:55', 0),
(2868, 33, '015533011', 'Gomot', '0155', '015533', '2021-07-19 09:29:55', '2021-07-19 09:29:55', 0),
(2869, 33, '015533012', 'Inmalog', '0155', '015533', '2021-07-19 09:29:55', '2021-07-19 09:29:55', 0);
INSERT INTO `barangay` (`barangay_id`, `city_mun_id`, `barangay_code`, `barangay_name`, `province_code`, `city_mun_code`, `barangay_created_at`, `barangay_updated_at`, `is_archived`) VALUES
(2870, 33, '015533013', 'Lekep-Butao', '0155', '015533', '2021-07-19 09:29:55', '2021-07-19 09:29:55', 0),
(2871, 33, '015533014', 'Longos', '0155', '015533', '2021-07-19 09:29:55', '2021-07-19 09:29:55', 0),
(2872, 33, '015533015', 'Mabilao', '0155', '015533', '2021-07-19 09:29:55', '2021-07-19 09:29:55', 0),
(2873, 33, '015533016', 'Nibaliw Central', '0155', '015533', '2021-07-19 09:29:55', '2021-07-19 09:29:55', 0),
(2874, 33, '015533017', 'Nibaliw East', '0155', '015533', '2021-07-19 09:29:55', '2021-07-19 09:29:55', 0),
(2875, 33, '015533018', 'Nibaliw Magliba', '0155', '015533', '2021-07-19 09:29:55', '2021-07-19 09:29:55', 0),
(2876, 33, '015533019', 'Palapad', '0155', '015533', '2021-07-19 09:29:55', '2021-07-19 09:29:55', 0),
(2877, 33, '015533020', 'Poblacion', '0155', '015533', '2021-07-19 09:29:55', '2021-07-19 09:29:55', 0),
(2878, 33, '015533021', 'Rabon', '0155', '015533', '2021-07-19 09:29:55', '2021-07-19 09:29:55', 0),
(2879, 33, '015533022', 'Sagud-Bahley', '0155', '015533', '2021-07-19 09:29:55', '2021-07-19 09:29:55', 0),
(2880, 33, '015533023', 'Sobol', '0155', '015533', '2021-07-19 09:29:55', '2021-07-19 09:29:55', 0),
(2881, 33, '015533024', 'Tempra-Guilig', '0155', '015533', '2021-07-19 09:29:55', '2021-07-19 09:29:55', 0),
(2882, 33, '015533025', 'Tocok', '0155', '015533', '2021-07-19 09:29:55', '2021-07-19 09:29:55', 0),
(2883, 33, '015533027', 'Lipit-Tomeeng', '0155', '015533', '2021-07-19 09:29:55', '2021-07-19 09:29:55', 0),
(2884, 33, '015533028', 'Colisao', '0155', '015533', '2021-07-19 09:29:55', '2021-07-19 09:29:55', 0),
(2885, 33, '015533029', 'Nibaliw Narvarte (Nibaliw West Compound)', '0155', '015533', '2021-07-19 09:29:55', '2021-07-19 09:29:55', 0),
(2886, 33, '015533030', 'Nibaliw Vidal (Nibaliw West Proper)', '0155', '015533', '2021-07-19 09:29:55', '2021-07-19 09:29:55', 0),
(2887, 33, '015533031', 'Alacan', '0155', '015533', '2021-07-19 09:29:55', '2021-07-19 09:29:55', 0),
(2888, 33, '015533032', 'Cabaruan', '0155', '015533', '2021-07-19 09:29:55', '2021-07-19 09:29:55', 0),
(2889, 33, '015533033', 'Inmalog Norte', '0155', '015533', '2021-07-19 09:29:55', '2021-07-19 09:29:55', 0),
(2890, 33, '015533034', 'Longos-Amangonan-Parac-Parac Fabrica', '0155', '015533', '2021-07-19 09:29:55', '2021-07-19 09:29:55', 0),
(2891, 33, '015533035', 'Longos Proper', '0155', '015533', '2021-07-19 09:29:55', '2021-07-19 09:29:55', 0),
(2892, 33, '015533036', 'Tiblong', '0155', '015533', '2021-07-19 09:29:55', '2021-07-19 09:29:55', 0),
(2893, 34, '015534001', 'Awai', '0155', '015534', '2021-07-19 09:29:55', '2021-07-19 09:29:55', 0),
(2894, 34, '015534002', 'Bolo', '0155', '015534', '2021-07-19 09:29:55', '2021-07-19 09:29:55', 0),
(2895, 34, '015534003', 'Capaoay (Pob.)', '0155', '015534', '2021-07-19 09:29:55', '2021-07-19 09:29:55', 0),
(2896, 34, '015534004', 'Casibong', '0155', '015534', '2021-07-19 09:29:55', '2021-07-19 09:29:55', 0),
(2897, 34, '015534005', 'Imelda (Decrito)', '0155', '015534', '2021-07-19 09:29:55', '2021-07-19 09:29:55', 0),
(2898, 34, '015534006', 'Guibel', '0155', '015534', '2021-07-19 09:29:55', '2021-07-19 09:29:55', 0),
(2899, 34, '015534007', 'Labney', '0155', '015534', '2021-07-19 09:29:55', '2021-07-19 09:29:55', 0),
(2900, 34, '015534009', 'Magsaysay (Capay)', '0155', '015534', '2021-07-19 09:29:55', '2021-07-19 09:29:55', 0),
(2901, 34, '015534010', 'Lobong', '0155', '015534', '2021-07-19 09:29:55', '2021-07-19 09:29:55', 0),
(2902, 34, '015534011', 'Macayug', '0155', '015534', '2021-07-19 09:29:55', '2021-07-19 09:29:55', 0),
(2903, 34, '015534013', 'Bagong Pag-asa (Poblacion East)', '0155', '015534', '2021-07-19 09:29:55', '2021-07-19 09:29:55', 0),
(2904, 34, '015534014', 'San Guillermo (Poblacion West)', '0155', '015534', '2021-07-19 09:29:55', '2021-07-19 09:29:55', 0),
(2905, 34, '015534015', 'San Jose', '0155', '015534', '2021-07-19 09:29:55', '2021-07-19 09:29:55', 0),
(2906, 34, '015534016', 'San Juan', '0155', '015534', '2021-07-19 09:29:55', '2021-07-19 09:29:55', 0),
(2907, 34, '015534017', 'San Roque', '0155', '015534', '2021-07-19 09:29:55', '2021-07-19 09:29:55', 0),
(2908, 34, '015534018', 'San Vicente', '0155', '015534', '2021-07-19 09:29:55', '2021-07-19 09:29:55', 0),
(2909, 34, '015534019', 'Santa Cruz', '0155', '015534', '2021-07-19 09:29:55', '2021-07-19 09:29:55', 0),
(2910, 34, '015534020', 'Santa Maria', '0155', '015534', '2021-07-19 09:29:55', '2021-07-19 09:29:55', 0),
(2911, 34, '015534021', 'Santo Tomas', '0155', '015534', '2021-07-19 09:29:55', '2021-07-19 09:29:55', 0),
(2912, 35, '015535001', 'San Antonio-Arzadon', '0155', '015535', '2021-07-19 09:29:55', '2021-07-19 09:29:55', 0),
(2913, 35, '015535003', 'Cabacaraan', '0155', '015535', '2021-07-19 09:29:55', '2021-07-19 09:29:55', 0),
(2914, 35, '015535004', 'Cabaritan', '0155', '015535', '2021-07-19 09:29:55', '2021-07-19 09:29:55', 0),
(2915, 35, '015535005', 'Flores', '0155', '015535', '2021-07-19 09:29:55', '2021-07-19 09:29:55', 0),
(2916, 35, '015535007', 'Guiset Norte (Pob.)', '0155', '015535', '2021-07-19 09:29:55', '2021-07-19 09:29:55', 0),
(2917, 35, '015535008', 'Guiset Sur (Pob.)', '0155', '015535', '2021-07-19 09:29:55', '2021-07-19 09:29:55', 0),
(2918, 35, '015535009', 'Lapalo', '0155', '015535', '2021-07-19 09:29:55', '2021-07-19 09:29:55', 0),
(2919, 35, '015535010', 'Nagsaag', '0155', '015535', '2021-07-19 09:29:55', '2021-07-19 09:29:55', 0),
(2920, 35, '015535011', 'Narra', '0155', '015535', '2021-07-19 09:29:55', '2021-07-19 09:29:55', 0),
(2921, 35, '015535013', 'San Bonifacio', '0155', '015535', '2021-07-19 09:29:55', '2021-07-19 09:29:55', 0),
(2922, 35, '015535014', 'San Juan', '0155', '015535', '2021-07-19 09:29:55', '2021-07-19 09:29:55', 0),
(2923, 35, '015535015', 'San Roque', '0155', '015535', '2021-07-19 09:29:55', '2021-07-19 09:29:55', 0),
(2924, 35, '015535016', 'San Vicente', '0155', '015535', '2021-07-19 09:29:55', '2021-07-19 09:29:55', 0),
(2925, 35, '015535018', 'Santo Domingo', '0155', '015535', '2021-07-19 09:29:55', '2021-07-19 09:29:55', 0),
(2926, 36, '015536001', 'Bensican', '0155', '015536', '2021-07-19 09:29:55', '2021-07-19 09:29:55', 0),
(2927, 36, '015536002', 'Cabitnongan', '0155', '015536', '2021-07-19 09:29:55', '2021-07-19 09:29:55', 0),
(2928, 36, '015536003', 'Caboloan', '0155', '015536', '2021-07-19 09:29:55', '2021-07-19 09:29:55', 0),
(2929, 36, '015536005', 'Cacabugaoan', '0155', '015536', '2021-07-19 09:29:55', '2021-07-19 09:29:55', 0),
(2930, 36, '015536006', 'Calanutian', '0155', '015536', '2021-07-19 09:29:55', '2021-07-19 09:29:55', 0),
(2931, 36, '015536007', 'Calaocan', '0155', '015536', '2021-07-19 09:29:55', '2021-07-19 09:29:55', 0),
(2932, 36, '015536008', 'Camanggaan', '0155', '015536', '2021-07-19 09:29:55', '2021-07-19 09:29:55', 0),
(2933, 36, '015536009', 'Camindoroan', '0155', '015536', '2021-07-19 09:29:55', '2021-07-19 09:29:55', 0),
(2934, 36, '015536010', 'Casaratan', '0155', '015536', '2021-07-19 09:29:55', '2021-07-19 09:29:55', 0),
(2935, 36, '015536011', 'Dalumpinas', '0155', '015536', '2021-07-19 09:29:55', '2021-07-19 09:29:55', 0),
(2936, 36, '015536013', 'Fianza', '0155', '015536', '2021-07-19 09:29:55', '2021-07-19 09:29:55', 0),
(2937, 36, '015536015', 'Lungao', '0155', '015536', '2021-07-19 09:29:55', '2021-07-19 09:29:55', 0),
(2938, 36, '015536016', 'Malico', '0155', '015536', '2021-07-19 09:29:55', '2021-07-19 09:29:55', 0),
(2939, 36, '015536017', 'Malilion', '0155', '015536', '2021-07-19 09:29:55', '2021-07-19 09:29:55', 0),
(2940, 36, '015536018', 'Nagkaysa', '0155', '015536', '2021-07-19 09:29:55', '2021-07-19 09:29:55', 0),
(2941, 36, '015536019', 'Nining', '0155', '015536', '2021-07-19 09:29:55', '2021-07-19 09:29:55', 0),
(2942, 36, '015536020', 'Poblacion East', '0155', '015536', '2021-07-19 09:29:55', '2021-07-19 09:29:55', 0),
(2943, 36, '015536021', 'Poblacion West', '0155', '015536', '2021-07-19 09:29:55', '2021-07-19 09:29:55', 0),
(2944, 36, '015536022', 'Salingcob', '0155', '015536', '2021-07-19 09:29:55', '2021-07-19 09:29:55', 0),
(2945, 36, '015536023', 'Salpad', '0155', '015536', '2021-07-19 09:29:55', '2021-07-19 09:29:55', 0),
(2946, 36, '015536024', 'San Felipe East', '0155', '015536', '2021-07-19 09:29:55', '2021-07-19 09:29:55', 0),
(2947, 36, '015536025', 'San Felipe West', '0155', '015536', '2021-07-19 09:29:55', '2021-07-19 09:29:55', 0),
(2948, 36, '015536026', 'San Isidro (Sta. Cruzan)', '0155', '015536', '2021-07-19 09:29:55', '2021-07-19 09:29:55', 0),
(2949, 36, '015536027', 'San Jose', '0155', '015536', '2021-07-19 09:29:55', '2021-07-19 09:29:55', 0),
(2950, 36, '015536028', 'San Rafael Centro', '0155', '015536', '2021-07-19 09:29:55', '2021-07-19 09:29:55', 0),
(2951, 36, '015536029', 'San Rafael East', '0155', '015536', '2021-07-19 09:29:55', '2021-07-19 09:29:55', 0),
(2952, 36, '015536030', 'San Rafael West', '0155', '015536', '2021-07-19 09:29:55', '2021-07-19 09:29:55', 0),
(2953, 36, '015536031', 'San Roque', '0155', '015536', '2021-07-19 09:29:55', '2021-07-19 09:29:55', 0),
(2954, 36, '015536032', 'Santa Maria East', '0155', '015536', '2021-07-19 09:29:55', '2021-07-19 09:29:55', 0),
(2955, 36, '015536033', 'Santa Maria West', '0155', '015536', '2021-07-19 09:29:55', '2021-07-19 09:29:55', 0),
(2956, 36, '015536034', 'Santo Tomas', '0155', '015536', '2021-07-19 09:29:55', '2021-07-19 09:29:55', 0),
(2957, 36, '015536035', 'Siblot', '0155', '015536', '2021-07-19 09:29:55', '2021-07-19 09:29:55', 0),
(2958, 36, '015536036', 'Sobol', '0155', '015536', '2021-07-19 09:29:55', '2021-07-19 09:29:55', 0),
(2959, 37, '015537001', 'Alac', '0155', '015537', '2021-07-19 09:29:55', '2021-07-19 09:29:55', 0),
(2960, 37, '015537002', 'Baligayan', '0155', '015537', '2021-07-19 09:29:55', '2021-07-19 09:29:55', 0),
(2961, 37, '015537004', 'Bantog', '0155', '015537', '2021-07-19 09:29:55', '2021-07-19 09:29:55', 0),
(2962, 37, '015537005', 'Bolintaguen', '0155', '015537', '2021-07-19 09:29:55', '2021-07-19 09:29:55', 0),
(2963, 37, '015537006', 'Cabangaran', '0155', '015537', '2021-07-19 09:29:55', '2021-07-19 09:29:55', 0),
(2964, 37, '015537007', 'Cabalaoangan', '0155', '015537', '2021-07-19 09:29:55', '2021-07-19 09:29:55', 0),
(2965, 37, '015537009', 'Calomboyan', '0155', '015537', '2021-07-19 09:29:55', '2021-07-19 09:29:55', 0),
(2966, 37, '015537010', 'Carayacan', '0155', '015537', '2021-07-19 09:29:55', '2021-07-19 09:29:55', 0),
(2967, 37, '015537011', 'Casantamarian', '0155', '015537', '2021-07-19 09:29:55', '2021-07-19 09:29:55', 0),
(2968, 37, '015537012', 'Gonzalo', '0155', '015537', '2021-07-19 09:29:55', '2021-07-19 09:29:55', 0),
(2969, 37, '015537013', 'Labuan', '0155', '015537', '2021-07-19 09:29:55', '2021-07-19 09:29:55', 0),
(2970, 37, '015537014', 'Lagasit', '0155', '015537', '2021-07-19 09:29:55', '2021-07-19 09:29:55', 0),
(2971, 37, '015537015', 'Lumayao', '0155', '015537', '2021-07-19 09:29:55', '2021-07-19 09:29:55', 0),
(2972, 37, '015537016', 'Mabini', '0155', '015537', '2021-07-19 09:29:55', '2021-07-19 09:29:55', 0),
(2973, 37, '015537017', 'Mantacdang', '0155', '015537', '2021-07-19 09:29:55', '2021-07-19 09:29:55', 0),
(2974, 37, '015537018', 'Nangapugan', '0155', '015537', '2021-07-19 09:29:55', '2021-07-19 09:29:55', 0),
(2975, 37, '015537020', 'San Pedro', '0155', '015537', '2021-07-19 09:29:55', '2021-07-19 09:29:55', 0),
(2976, 37, '015537021', 'Ungib', '0155', '015537', '2021-07-19 09:29:55', '2021-07-19 09:29:55', 0),
(2977, 37, '015537022', 'Poblacion Zone I', '0155', '015537', '2021-07-19 09:29:55', '2021-07-19 09:29:55', 0),
(2978, 37, '015537023', 'Poblacion Zone II', '0155', '015537', '2021-07-19 09:29:55', '2021-07-19 09:29:55', 0),
(2979, 37, '015537024', 'Poblacion Zone III', '0155', '015537', '2021-07-19 09:29:55', '2021-07-19 09:29:55', 0),
(2980, 38, '015538001', 'Alibago', '0155', '015538', '2021-07-19 09:29:55', '2021-07-19 09:29:55', 0),
(2981, 38, '015538002', 'Balingueo', '0155', '015538', '2021-07-19 09:29:55', '2021-07-19 09:29:55', 0),
(2982, 38, '015538003', 'Banaoang', '0155', '015538', '2021-07-19 09:29:55', '2021-07-19 09:29:55', 0),
(2983, 38, '015538004', 'Banzal', '0155', '015538', '2021-07-19 09:29:55', '2021-07-19 09:29:55', 0),
(2984, 38, '015538005', 'Botao', '0155', '015538', '2021-07-19 09:29:55', '2021-07-19 09:29:55', 0),
(2985, 38, '015538006', 'Cablong', '0155', '015538', '2021-07-19 09:29:55', '2021-07-19 09:29:55', 0),
(2986, 38, '015538007', 'Carusocan', '0155', '015538', '2021-07-19 09:29:55', '2021-07-19 09:29:55', 0),
(2987, 38, '015538008', 'Dalongue', '0155', '015538', '2021-07-19 09:29:55', '2021-07-19 09:29:55', 0),
(2988, 38, '015538009', 'Erfe', '0155', '015538', '2021-07-19 09:29:55', '2021-07-19 09:29:55', 0),
(2989, 38, '015538010', 'Gueguesangen', '0155', '015538', '2021-07-19 09:29:55', '2021-07-19 09:29:55', 0),
(2990, 38, '015538011', 'Leet', '0155', '015538', '2021-07-19 09:29:55', '2021-07-19 09:29:55', 0),
(2991, 38, '015538012', 'Malanay', '0155', '015538', '2021-07-19 09:29:55', '2021-07-19 09:29:55', 0),
(2992, 38, '015538013', 'Maningding', '0155', '015538', '2021-07-19 09:29:55', '2021-07-19 09:29:55', 0),
(2993, 38, '015538014', 'Maronong', '0155', '015538', '2021-07-19 09:29:55', '2021-07-19 09:29:55', 0),
(2994, 38, '015538015', 'Maticmatic', '0155', '015538', '2021-07-19 09:29:55', '2021-07-19 09:29:55', 0),
(2995, 38, '015538016', 'Minien East', '0155', '015538', '2021-07-19 09:29:55', '2021-07-19 09:29:55', 0),
(2996, 38, '015538017', 'Minien West', '0155', '015538', '2021-07-19 09:29:55', '2021-07-19 09:29:55', 0),
(2997, 38, '015538018', 'Nilombot', '0155', '015538', '2021-07-19 09:29:55', '2021-07-19 09:29:55', 0),
(2998, 38, '015538019', 'Patayac', '0155', '015538', '2021-07-19 09:29:55', '2021-07-19 09:29:55', 0),
(2999, 38, '015538020', 'Payas', '0155', '015538', '2021-07-19 09:29:55', '2021-07-19 09:29:55', 0),
(3000, 38, '015538021', 'Poblacion Norte', '0155', '015538', '2021-07-19 09:29:55', '2021-07-19 09:29:55', 0),
(3001, 38, '015538022', 'Poblacion Sur', '0155', '015538', '2021-07-19 09:29:55', '2021-07-19 09:29:55', 0),
(3002, 38, '015538023', 'Sapang', '0155', '015538', '2021-07-19 09:29:55', '2021-07-19 09:29:55', 0),
(3003, 38, '015538024', 'Sonquil', '0155', '015538', '2021-07-19 09:29:55', '2021-07-19 09:29:55', 0),
(3004, 38, '015538025', 'Tebag East', '0155', '015538', '2021-07-19 09:29:55', '2021-07-19 09:29:55', 0),
(3005, 38, '015538026', 'Tebag West', '0155', '015538', '2021-07-19 09:29:55', '2021-07-19 09:29:55', 0),
(3006, 38, '015538027', 'Tuliao', '0155', '015538', '2021-07-19 09:29:55', '2021-07-19 09:29:55', 0),
(3007, 38, '015538028', 'Ventinilla (Ventinilla East)', '0155', '015538', '2021-07-19 09:29:55', '2021-07-19 09:29:55', 0),
(3008, 38, '015538029', 'Primicias (Ventinilla West)', '0155', '015538', '2021-07-19 09:29:55', '2021-07-19 09:29:55', 0),
(3009, 39, '015539001', 'Bal-loy', '0155', '015539', '2021-07-19 09:29:55', '2021-07-19 09:29:55', 0),
(3010, 39, '015539002', 'Bantog', '0155', '015539', '2021-07-19 09:29:55', '2021-07-19 09:29:55', 0),
(3011, 39, '015539003', 'Caboluan', '0155', '015539', '2021-07-19 09:29:55', '2021-07-19 09:29:55', 0),
(3012, 39, '015539004', 'Cal-litang', '0155', '015539', '2021-07-19 09:29:55', '2021-07-19 09:29:55', 0),
(3013, 39, '015539005', 'Capandanan', '0155', '015539', '2021-07-19 09:29:55', '2021-07-19 09:29:55', 0),
(3014, 39, '015539006', 'Cauplasan', '0155', '015539', '2021-07-19 09:29:55', '2021-07-19 09:29:55', 0),
(3015, 39, '015539008', 'Dalayap', '0155', '015539', '2021-07-19 09:29:55', '2021-07-19 09:29:55', 0),
(3016, 39, '015539009', 'Libsong', '0155', '015539', '2021-07-19 09:29:55', '2021-07-19 09:29:55', 0),
(3017, 39, '015539010', 'Namagbagan', '0155', '015539', '2021-07-19 09:29:55', '2021-07-19 09:29:55', 0),
(3018, 39, '015539011', 'Paitan', '0155', '015539', '2021-07-19 09:29:55', '2021-07-19 09:29:55', 0),
(3019, 39, '015539012', 'Pataquid', '0155', '015539', '2021-07-19 09:29:55', '2021-07-19 09:29:55', 0),
(3020, 39, '015539013', 'Pilar', '0155', '015539', '2021-07-19 09:29:55', '2021-07-19 09:29:55', 0),
(3021, 39, '015539014', 'Poblacion East', '0155', '015539', '2021-07-19 09:29:55', '2021-07-19 09:29:55', 0),
(3022, 39, '015539015', 'Poblacion West', '0155', '015539', '2021-07-19 09:29:55', '2021-07-19 09:29:55', 0),
(3023, 39, '015539016', 'Pugot', '0155', '015539', '2021-07-19 09:29:55', '2021-07-19 09:29:55', 0),
(3024, 39, '015539017', 'Samon', '0155', '015539', '2021-07-19 09:29:55', '2021-07-19 09:29:55', 0),
(3025, 39, '015539018', 'San Alejandro', '0155', '015539', '2021-07-19 09:29:55', '2021-07-19 09:29:55', 0),
(3026, 39, '015539020', 'San Mariano', '0155', '015539', '2021-07-19 09:29:55', '2021-07-19 09:29:55', 0),
(3027, 39, '015539021', 'San Pablo', '0155', '015539', '2021-07-19 09:29:55', '2021-07-19 09:29:55', 0),
(3028, 39, '015539022', 'San Patricio', '0155', '015539', '2021-07-19 09:29:55', '2021-07-19 09:29:55', 0),
(3029, 39, '015539023', 'San Vicente', '0155', '015539', '2021-07-19 09:29:55', '2021-07-19 09:29:55', 0),
(3030, 39, '015539024', 'Santa Cruz', '0155', '015539', '2021-07-19 09:29:55', '2021-07-19 09:29:55', 0),
(3031, 39, '015539025', 'Santa Rosa', '0155', '015539', '2021-07-19 09:29:55', '2021-07-19 09:29:55', 0),
(3032, 40, '015540001', 'La Luna', '0155', '015540', '2021-07-19 09:29:55', '2021-07-19 09:29:55', 0),
(3033, 40, '015540002', 'Poblacion East', '0155', '015540', '2021-07-19 09:29:55', '2021-07-19 09:29:55', 0),
(3034, 40, '015540003', 'Poblacion West', '0155', '015540', '2021-07-19 09:29:55', '2021-07-19 09:29:55', 0),
(3035, 40, '015540004', 'Salvacion', '0155', '015540', '2021-07-19 09:29:55', '2021-07-19 09:29:55', 0),
(3036, 40, '015540005', 'San Agustin', '0155', '015540', '2021-07-19 09:29:55', '2021-07-19 09:29:55', 0),
(3037, 40, '015540006', 'San Antonio', '0155', '015540', '2021-07-19 09:29:55', '2021-07-19 09:29:55', 0),
(3038, 40, '015540007', 'San Jose', '0155', '015540', '2021-07-19 09:29:55', '2021-07-19 09:29:55', 0),
(3039, 40, '015540008', 'San Marcos', '0155', '015540', '2021-07-19 09:29:55', '2021-07-19 09:29:55', 0),
(3040, 40, '015540009', 'Santo Domingo', '0155', '015540', '2021-07-19 09:29:55', '2021-07-19 09:29:55', 0),
(3041, 40, '015540010', 'Santo Niño', '0155', '015540', '2021-07-19 09:29:55', '2021-07-19 09:29:55', 0),
(3042, 41, '015541001', 'Agat', '0155', '015541', '2021-07-19 09:29:55', '2021-07-19 09:29:55', 0),
(3043, 41, '015541002', 'Alibeng', '0155', '015541', '2021-07-19 09:29:55', '2021-07-19 09:29:55', 0),
(3044, 41, '015541003', 'Amagbagan', '0155', '015541', '2021-07-19 09:29:55', '2021-07-19 09:29:55', 0),
(3045, 41, '015541004', 'Artacho', '0155', '015541', '2021-07-19 09:29:55', '2021-07-19 09:29:55', 0),
(3046, 41, '015541005', 'Asan Norte', '0155', '015541', '2021-07-19 09:29:55', '2021-07-19 09:29:55', 0),
(3047, 41, '015541006', 'Asan Sur', '0155', '015541', '2021-07-19 09:29:55', '2021-07-19 09:29:55', 0),
(3048, 41, '015541007', 'Bantay Insik', '0155', '015541', '2021-07-19 09:29:55', '2021-07-19 09:29:55', 0),
(3049, 41, '015541008', 'Bila', '0155', '015541', '2021-07-19 09:29:55', '2021-07-19 09:29:55', 0),
(3050, 41, '015541009', 'Binmeckeg', '0155', '015541', '2021-07-19 09:29:55', '2021-07-19 09:29:55', 0),
(3051, 41, '015541010', 'Bulaoen East', '0155', '015541', '2021-07-19 09:29:55', '2021-07-19 09:29:55', 0),
(3052, 41, '015541011', 'Bulaoen West', '0155', '015541', '2021-07-19 09:29:55', '2021-07-19 09:29:55', 0),
(3053, 41, '015541012', 'Cabaritan', '0155', '015541', '2021-07-19 09:29:55', '2021-07-19 09:29:55', 0),
(3054, 41, '015541013', 'Calunetan', '0155', '015541', '2021-07-19 09:29:55', '2021-07-19 09:29:55', 0),
(3055, 41, '015541014', 'Camangaan', '0155', '015541', '2021-07-19 09:29:55', '2021-07-19 09:29:55', 0),
(3056, 41, '015541015', 'Cauringan', '0155', '015541', '2021-07-19 09:29:55', '2021-07-19 09:29:55', 0),
(3057, 41, '015541016', 'Dungon', '0155', '015541', '2021-07-19 09:29:55', '2021-07-19 09:29:55', 0),
(3058, 41, '015541017', 'Esperanza', '0155', '015541', '2021-07-19 09:29:55', '2021-07-19 09:29:55', 0),
(3059, 41, '015541018', 'Killo', '0155', '015541', '2021-07-19 09:29:55', '2021-07-19 09:29:55', 0),
(3060, 41, '015541019', 'Labayug', '0155', '015541', '2021-07-19 09:29:55', '2021-07-19 09:29:55', 0),
(3061, 41, '015541021', 'Paldit', '0155', '015541', '2021-07-19 09:29:55', '2021-07-19 09:29:55', 0),
(3062, 41, '015541022', 'Pindangan', '0155', '015541', '2021-07-19 09:29:55', '2021-07-19 09:29:55', 0),
(3063, 41, '015541023', 'Pinmilapil', '0155', '015541', '2021-07-19 09:29:55', '2021-07-19 09:29:55', 0),
(3064, 41, '015541024', 'Poblacion Central', '0155', '015541', '2021-07-19 09:29:55', '2021-07-19 09:29:55', 0),
(3065, 41, '015541025', 'Poblacion Norte', '0155', '015541', '2021-07-19 09:29:55', '2021-07-19 09:29:55', 0),
(3066, 41, '015541026', 'Poblacion Sur', '0155', '015541', '2021-07-19 09:29:55', '2021-07-19 09:29:55', 0),
(3067, 41, '015541027', 'Sagunto', '0155', '015541', '2021-07-19 09:29:55', '2021-07-19 09:29:55', 0),
(3068, 41, '015541028', 'Inmalog', '0155', '015541', '2021-07-19 09:29:55', '2021-07-19 09:29:55', 0),
(3069, 41, '015541029', 'Tara-tara', '0155', '015541', '2021-07-19 09:29:55', '2021-07-19 09:29:55', 0),
(3070, 42, '015542001', 'Baquioen', '0155', '015542', '2021-07-19 09:29:55', '2021-07-19 09:29:55', 0),
(3071, 42, '015542002', 'Baybay Norte', '0155', '015542', '2021-07-19 09:29:55', '2021-07-19 09:29:55', 0),
(3072, 42, '015542003', 'Baybay Sur', '0155', '015542', '2021-07-19 09:29:55', '2021-07-19 09:29:55', 0),
(3073, 42, '015542004', 'Bolaoen', '0155', '015542', '2021-07-19 09:29:55', '2021-07-19 09:29:55', 0),
(3074, 42, '015542005', 'Cabalitian', '0155', '015542', '2021-07-19 09:29:55', '2021-07-19 09:29:55', 0),
(3075, 42, '015542006', 'Calumbuyan', '0155', '015542', '2021-07-19 09:29:55', '2021-07-19 09:29:55', 0),
(3076, 42, '015542007', 'Camagsingalan', '0155', '015542', '2021-07-19 09:29:55', '2021-07-19 09:29:55', 0),
(3077, 42, '015542008', 'Caoayan', '0155', '015542', '2021-07-19 09:29:55', '2021-07-19 09:29:55', 0),
(3078, 42, '015542009', 'Capantolan', '0155', '015542', '2021-07-19 09:29:55', '2021-07-19 09:29:55', 0),
(3079, 42, '015542010', 'Macaycayawan', '0155', '015542', '2021-07-19 09:29:55', '2021-07-19 09:29:55', 0),
(3080, 42, '015542011', 'Paitan East', '0155', '015542', '2021-07-19 09:29:55', '2021-07-19 09:29:55', 0),
(3081, 42, '015542012', 'Paitan West', '0155', '015542', '2021-07-19 09:29:55', '2021-07-19 09:29:55', 0),
(3082, 42, '015542013', 'Pangascasan', '0155', '015542', '2021-07-19 09:29:55', '2021-07-19 09:29:55', 0),
(3083, 42, '015542014', 'Poblacion', '0155', '015542', '2021-07-19 09:29:55', '2021-07-19 09:29:55', 0),
(3084, 42, '015542015', 'Santo Domingo', '0155', '015542', '2021-07-19 09:29:55', '2021-07-19 09:29:55', 0),
(3085, 42, '015542016', 'Seselangen', '0155', '015542', '2021-07-19 09:29:55', '2021-07-19 09:29:55', 0),
(3086, 42, '015542018', 'Sioasio East', '0155', '015542', '2021-07-19 09:29:55', '2021-07-19 09:29:55', 0),
(3087, 42, '015542019', 'Sioasio West', '0155', '015542', '2021-07-19 09:29:55', '2021-07-19 09:29:55', 0),
(3088, 42, '015542020', 'Victoria', '0155', '015542', '2021-07-19 09:29:55', '2021-07-19 09:29:55', 0),
(3089, 43, '015543001', 'Agno', '0155', '015543', '2021-07-19 09:29:55', '2021-07-19 09:29:55', 0),
(3090, 43, '015543002', 'Amistad', '0155', '015543', '2021-07-19 09:29:55', '2021-07-19 09:29:55', 0),
(3091, 43, '015543003', 'Barangobong', '0155', '015543', '2021-07-19 09:29:55', '2021-07-19 09:29:55', 0),
(3092, 43, '015543004', 'Carriedo', '0155', '015543', '2021-07-19 09:29:55', '2021-07-19 09:29:55', 0),
(3093, 43, '015543005', 'C. Lichauco', '0155', '015543', '2021-07-19 09:29:55', '2021-07-19 09:29:55', 0),
(3094, 43, '015543006', 'Evangelista', '0155', '015543', '2021-07-19 09:29:55', '2021-07-19 09:29:55', 0),
(3095, 43, '015543007', 'Guzon', '0155', '015543', '2021-07-19 09:29:55', '2021-07-19 09:29:55', 0),
(3096, 43, '015543008', 'Lawak', '0155', '015543', '2021-07-19 09:29:55', '2021-07-19 09:29:55', 0),
(3097, 43, '015543009', 'Legaspi', '0155', '015543', '2021-07-19 09:29:55', '2021-07-19 09:29:55', 0),
(3098, 43, '015543010', 'Libertad', '0155', '015543', '2021-07-19 09:29:55', '2021-07-19 09:29:55', 0),
(3099, 43, '015543012', 'Magallanes', '0155', '015543', '2021-07-19 09:29:55', '2021-07-19 09:29:55', 0),
(3100, 43, '015543013', 'Panganiban', '0155', '015543', '2021-07-19 09:29:55', '2021-07-19 09:29:55', 0),
(3101, 43, '015543014', 'Barangay A (Pob.)', '0155', '015543', '2021-07-19 09:29:55', '2021-07-19 09:29:55', 0),
(3102, 43, '015543015', 'Barangay B (Pob.)', '0155', '015543', '2021-07-19 09:29:55', '2021-07-19 09:29:55', 0),
(3103, 43, '015543016', 'Barangay C (Pob.)', '0155', '015543', '2021-07-19 09:29:55', '2021-07-19 09:29:55', 0),
(3104, 43, '015543017', 'Barangay D (Pob.)', '0155', '015543', '2021-07-19 09:29:55', '2021-07-19 09:29:55', 0),
(3105, 43, '015543019', 'Saleng', '0155', '015543', '2021-07-19 09:29:55', '2021-07-19 09:29:55', 0),
(3106, 43, '015543020', 'Santo Domingo', '0155', '015543', '2021-07-19 09:29:55', '2021-07-19 09:29:55', 0),
(3107, 43, '015543022', 'Toketec', '0155', '015543', '2021-07-19 09:29:55', '2021-07-19 09:29:55', 0),
(3108, 43, '015543023', 'Trenchera', '0155', '015543', '2021-07-19 09:29:55', '2021-07-19 09:29:55', 0),
(3109, 43, '015543024', 'Zamora', '0155', '015543', '2021-07-19 09:29:55', '2021-07-19 09:29:55', 0),
(3110, 44, '015544001', 'Abot Molina', '0155', '015544', '2021-07-19 09:29:55', '2021-07-19 09:29:55', 0),
(3111, 44, '015544002', 'Alo-o', '0155', '015544', '2021-07-19 09:29:55', '2021-07-19 09:29:55', 0),
(3112, 44, '015544003', 'Amaronan', '0155', '015544', '2021-07-19 09:29:55', '2021-07-19 09:29:55', 0),
(3113, 44, '015544004', 'Annam', '0155', '015544', '2021-07-19 09:29:55', '2021-07-19 09:29:55', 0),
(3114, 44, '015544005', 'Bantug', '0155', '015544', '2021-07-19 09:29:55', '2021-07-19 09:29:55', 0),
(3115, 44, '015544006', 'Baracbac', '0155', '015544', '2021-07-19 09:29:55', '2021-07-19 09:29:55', 0),
(3116, 44, '015544007', 'Barat', '0155', '015544', '2021-07-19 09:29:55', '2021-07-19 09:29:55', 0),
(3117, 44, '015544008', 'Buenavista', '0155', '015544', '2021-07-19 09:29:55', '2021-07-19 09:29:55', 0),
(3118, 44, '015544010', 'Cabalitian', '0155', '015544', '2021-07-19 09:29:55', '2021-07-19 09:29:55', 0),
(3119, 44, '015544011', 'Cabaruan', '0155', '015544', '2021-07-19 09:29:55', '2021-07-19 09:29:55', 0),
(3120, 44, '015544012', 'Cabatuan', '0155', '015544', '2021-07-19 09:29:55', '2021-07-19 09:29:55', 0),
(3121, 44, '015544013', 'Cadiz', '0155', '015544', '2021-07-19 09:29:55', '2021-07-19 09:29:55', 0),
(3122, 44, '015544014', 'Calitlitan', '0155', '015544', '2021-07-19 09:29:55', '2021-07-19 09:29:55', 0),
(3123, 44, '015544015', 'Capas', '0155', '015544', '2021-07-19 09:29:55', '2021-07-19 09:29:55', 0),
(3124, 44, '015544017', 'Carosalesan', '0155', '015544', '2021-07-19 09:29:55', '2021-07-19 09:29:55', 0),
(3125, 44, '015544018', 'Casilan', '0155', '015544', '2021-07-19 09:29:55', '2021-07-19 09:29:55', 0),
(3126, 44, '015544019', 'Caurdanetaan', '0155', '015544', '2021-07-19 09:29:55', '2021-07-19 09:29:55', 0),
(3127, 44, '015544020', 'Concepcion', '0155', '015544', '2021-07-19 09:29:55', '2021-07-19 09:29:55', 0),
(3128, 44, '015544021', 'Decreto', '0155', '015544', '2021-07-19 09:29:55', '2021-07-19 09:29:55', 0),
(3129, 44, '015544022', 'Diaz', '0155', '015544', '2021-07-19 09:29:55', '2021-07-19 09:29:55', 0),
(3130, 44, '015544023', 'Diket', '0155', '015544', '2021-07-19 09:29:55', '2021-07-19 09:29:55', 0),
(3131, 44, '015544024', 'Don Justo Abalos (Caroan)', '0155', '015544', '2021-07-19 09:29:55', '2021-07-19 09:29:55', 0),
(3132, 44, '015544025', 'Don Montano', '0155', '015544', '2021-07-19 09:29:55', '2021-07-19 09:29:55', 0),
(3133, 44, '015544026', 'Esperanza', '0155', '015544', '2021-07-19 09:29:55', '2021-07-19 09:29:55', 0),
(3134, 44, '015544027', 'Evangelista', '0155', '015544', '2021-07-19 09:29:55', '2021-07-19 09:29:55', 0),
(3135, 44, '015544028', 'Flores', '0155', '015544', '2021-07-19 09:29:55', '2021-07-19 09:29:55', 0),
(3136, 44, '015544029', 'Fulgosino', '0155', '015544', '2021-07-19 09:29:55', '2021-07-19 09:29:55', 0),
(3137, 44, '015544030', 'Gonzales', '0155', '015544', '2021-07-19 09:29:55', '2021-07-19 09:29:55', 0),
(3138, 44, '015544031', 'La Paz', '0155', '015544', '2021-07-19 09:29:55', '2021-07-19 09:29:55', 0),
(3139, 44, '015544032', 'Labuan', '0155', '015544', '2021-07-19 09:29:55', '2021-07-19 09:29:55', 0),
(3140, 44, '015544033', 'Lauren', '0155', '015544', '2021-07-19 09:29:55', '2021-07-19 09:29:55', 0),
(3141, 44, '015544034', 'Lubong', '0155', '015544', '2021-07-19 09:29:55', '2021-07-19 09:29:55', 0),
(3142, 44, '015544035', 'Luna Weste', '0155', '015544', '2021-07-19 09:29:55', '2021-07-19 09:29:55', 0),
(3143, 44, '015544036', 'Luna Este', '0155', '015544', '2021-07-19 09:29:55', '2021-07-19 09:29:55', 0),
(3144, 44, '015544037', 'Mantacdang', '0155', '015544', '2021-07-19 09:29:55', '2021-07-19 09:29:55', 0),
(3145, 44, '015544038', 'Maseil-seil', '0155', '015544', '2021-07-19 09:29:55', '2021-07-19 09:29:55', 0),
(3146, 44, '015544039', 'Nampalcan', '0155', '015544', '2021-07-19 09:29:55', '2021-07-19 09:29:55', 0),
(3147, 44, '015544040', 'Nancalabasaan', '0155', '015544', '2021-07-19 09:29:55', '2021-07-19 09:29:55', 0),
(3148, 44, '015544041', 'Pangangaan', '0155', '015544', '2021-07-19 09:29:55', '2021-07-19 09:29:55', 0),
(3149, 44, '015544042', 'Papallasen', '0155', '015544', '2021-07-19 09:29:55', '2021-07-19 09:29:55', 0),
(3150, 44, '015544044', 'Pemienta', '0155', '015544', '2021-07-19 09:29:55', '2021-07-19 09:29:55', 0),
(3151, 44, '015544046', 'Poblacion East', '0155', '015544', '2021-07-19 09:29:55', '2021-07-19 09:29:55', 0),
(3152, 44, '015544047', 'Poblacion West', '0155', '015544', '2021-07-19 09:29:55', '2021-07-19 09:29:55', 0),
(3153, 44, '015544048', 'Prado', '0155', '015544', '2021-07-19 09:29:55', '2021-07-19 09:29:55', 0),
(3154, 44, '015544049', 'Resurreccion', '0155', '015544', '2021-07-19 09:29:55', '2021-07-19 09:29:55', 0),
(3155, 44, '015544050', 'Ricos', '0155', '015544', '2021-07-19 09:29:55', '2021-07-19 09:29:55', 0),
(3156, 44, '015544051', 'San Andres', '0155', '015544', '2021-07-19 09:29:55', '2021-07-19 09:29:55', 0),
(3157, 44, '015544052', 'San Juan', '0155', '015544', '2021-07-19 09:29:55', '2021-07-19 09:29:55', 0),
(3158, 44, '015544053', 'San Leon', '0155', '015544', '2021-07-19 09:29:55', '2021-07-19 09:29:55', 0),
(3159, 44, '015544054', 'San Pablo', '0155', '015544', '2021-07-19 09:29:55', '2021-07-19 09:29:55', 0),
(3160, 44, '015544055', 'San Vicente', '0155', '015544', '2021-07-19 09:29:55', '2021-07-19 09:29:55', 0),
(3161, 44, '015544056', 'Santa Maria', '0155', '015544', '2021-07-19 09:29:55', '2021-07-19 09:29:55', 0),
(3162, 44, '015544057', 'Santa Rosa', '0155', '015544', '2021-07-19 09:29:55', '2021-07-19 09:29:55', 0),
(3163, 44, '015544058', 'Sinabaan', '0155', '015544', '2021-07-19 09:29:55', '2021-07-19 09:29:55', 0),
(3164, 44, '015544059', 'Tanggal Sawang', '0155', '015544', '2021-07-19 09:29:55', '2021-07-19 09:29:55', 0),
(3165, 44, '015544060', 'Cabangaran', '0155', '015544', '2021-07-19 09:29:55', '2021-07-19 09:29:55', 0),
(3166, 44, '015544061', 'Carayungan Sur', '0155', '015544', '2021-07-19 09:29:55', '2021-07-19 09:29:55', 0),
(3167, 44, '015544062', 'Del Rosario', '0155', '015544', '2021-07-19 09:29:55', '2021-07-19 09:29:55', 0),
(3168, 45, '015545001', 'Angatel', '0155', '015545', '2021-07-19 09:29:55', '2021-07-19 09:29:55', 0),
(3169, 45, '015545002', 'Balangay', '0155', '015545', '2021-07-19 09:29:55', '2021-07-19 09:29:55', 0),
(3170, 45, '015545003', 'Batangcaoa', '0155', '015545', '2021-07-19 09:29:55', '2021-07-19 09:29:55', 0),
(3171, 45, '015545004', 'Baug', '0155', '015545', '2021-07-19 09:29:55', '2021-07-19 09:29:55', 0),
(3172, 45, '015545005', 'Bayaoas', '0155', '015545', '2021-07-19 09:29:55', '2021-07-19 09:29:55', 0),
(3173, 45, '015545006', 'Bituag', '0155', '015545', '2021-07-19 09:29:55', '2021-07-19 09:29:55', 0),
(3174, 45, '015545007', 'Camambugan', '0155', '015545', '2021-07-19 09:29:55', '2021-07-19 09:29:55', 0),
(3175, 45, '015545008', 'Dalangiring', '0155', '015545', '2021-07-19 09:29:55', '2021-07-19 09:29:55', 0),
(3176, 45, '015545009', 'Duplac', '0155', '015545', '2021-07-19 09:29:55', '2021-07-19 09:29:55', 0),
(3177, 45, '015545010', 'Galarin', '0155', '015545', '2021-07-19 09:29:55', '2021-07-19 09:29:55', 0),
(3178, 45, '015545011', 'Gueteb', '0155', '015545', '2021-07-19 09:29:55', '2021-07-19 09:29:55', 0),
(3179, 45, '015545012', 'Malaca', '0155', '015545', '2021-07-19 09:29:55', '2021-07-19 09:29:55', 0),
(3180, 45, '015545013', 'Malayo', '0155', '015545', '2021-07-19 09:29:55', '2021-07-19 09:29:55', 0),
(3181, 45, '015545014', 'Malibong', '0155', '015545', '2021-07-19 09:29:55', '2021-07-19 09:29:55', 0),
(3182, 45, '015545015', 'Pasibi East', '0155', '015545', '2021-07-19 09:29:55', '2021-07-19 09:29:55', 0),
(3183, 45, '015545016', 'Pasibi West', '0155', '015545', '2021-07-19 09:29:55', '2021-07-19 09:29:55', 0),
(3184, 45, '015545017', 'Pisuac', '0155', '015545', '2021-07-19 09:29:55', '2021-07-19 09:29:55', 0),
(3185, 45, '015545018', 'Poblacion', '0155', '015545', '2021-07-19 09:29:55', '2021-07-19 09:29:55', 0),
(3186, 45, '015545019', 'Real', '0155', '015545', '2021-07-19 09:29:55', '2021-07-19 09:29:55', 0),
(3187, 45, '015545020', 'Salavante', '0155', '015545', '2021-07-19 09:29:55', '2021-07-19 09:29:55', 0),
(3188, 45, '015545021', 'Sawat', '0155', '015545', '2021-07-19 09:29:55', '2021-07-19 09:29:55', 0),
(3189, 46, '015546001', 'Anonas', '0155', '015546', '2021-07-19 09:29:55', '2021-07-19 09:29:55', 0),
(3190, 46, '015546003', 'Bactad East', '0155', '015546', '2021-07-19 09:29:55', '2021-07-19 09:29:55', 0),
(3191, 46, '015546004', 'Dr. Pedro T. Orata (Bactad Proper)', '0155', '015546', '2021-07-19 09:29:55', '2021-07-19 09:29:55', 0),
(3192, 46, '015546005', 'Bayaoas', '0155', '015546', '2021-07-19 09:29:55', '2021-07-19 09:29:55', 0),
(3193, 46, '015546007', 'Bolaoen', '0155', '015546', '2021-07-19 09:29:55', '2021-07-19 09:29:55', 0),
(3194, 46, '015546008', 'Cabaruan', '0155', '015546', '2021-07-19 09:29:55', '2021-07-19 09:29:55', 0),
(3195, 46, '015546009', 'Cabuloan', '0155', '015546', '2021-07-19 09:29:55', '2021-07-19 09:29:55', 0),
(3196, 46, '015546011', 'Camanang', '0155', '015546', '2021-07-19 09:29:55', '2021-07-19 09:29:55', 0),
(3197, 46, '015546012', 'Camantiles', '0155', '015546', '2021-07-19 09:29:55', '2021-07-19 09:29:55', 0),
(3198, 46, '015546014', 'Casantaan', '0155', '015546', '2021-07-19 09:29:55', '2021-07-19 09:29:55', 0),
(3199, 46, '015546015', 'Catablan', '0155', '015546', '2021-07-19 09:29:55', '2021-07-19 09:29:55', 0),
(3200, 46, '015546016', 'Cayambanan', '0155', '015546', '2021-07-19 09:29:55', '2021-07-19 09:29:55', 0),
(3201, 46, '015546017', 'Consolacion', '0155', '015546', '2021-07-19 09:29:55', '2021-07-19 09:29:55', 0),
(3202, 46, '015546018', 'Dilan Paurido', '0155', '015546', '2021-07-19 09:29:55', '2021-07-19 09:29:55', 0),
(3203, 46, '015546019', 'Labit Proper', '0155', '015546', '2021-07-19 09:29:55', '2021-07-19 09:29:55', 0),
(3204, 46, '015546020', 'Labit West', '0155', '015546', '2021-07-19 09:29:55', '2021-07-19 09:29:55', 0),
(3205, 46, '015546022', 'Mabanogbog', '0155', '015546', '2021-07-19 09:29:55', '2021-07-19 09:29:55', 0),
(3206, 46, '015546023', 'Macalong', '0155', '015546', '2021-07-19 09:29:55', '2021-07-19 09:29:55', 0),
(3207, 46, '015546024', 'Nancalobasaan', '0155', '015546', '2021-07-19 09:29:55', '2021-07-19 09:29:55', 0),
(3208, 46, '015546025', 'Nancamaliran East', '0155', '015546', '2021-07-19 09:29:55', '2021-07-19 09:29:55', 0),
(3209, 46, '015546026', 'Nancamaliran West', '0155', '015546', '2021-07-19 09:29:55', '2021-07-19 09:29:55', 0),
(3210, 46, '015546027', 'Nancayasan', '0155', '015546', '2021-07-19 09:29:55', '2021-07-19 09:29:55', 0),
(3211, 46, '015546028', 'Oltama', '0155', '015546', '2021-07-19 09:29:55', '2021-07-19 09:29:55', 0),
(3212, 46, '015546029', 'Palina East', '0155', '015546', '2021-07-19 09:29:55', '2021-07-19 09:29:55', 0),
(3213, 46, '015546030', 'Palina West', '0155', '015546', '2021-07-19 09:29:55', '2021-07-19 09:29:55', 0),
(3214, 46, '015546031', 'Pinmaludpod', '0155', '015546', '2021-07-19 09:29:55', '2021-07-19 09:29:55', 0),
(3215, 46, '015546032', 'Poblacion', '0155', '015546', '2021-07-19 09:29:55', '2021-07-19 09:29:55', 0),
(3216, 46, '015546033', 'San Jose', '0155', '015546', '2021-07-19 09:29:55', '2021-07-19 09:29:55', 0),
(3217, 46, '015546034', 'San Vicente', '0155', '015546', '2021-07-19 09:29:55', '2021-07-19 09:29:55', 0),
(3218, 46, '015546035', 'Santa Lucia', '0155', '015546', '2021-07-19 09:29:55', '2021-07-19 09:29:55', 0),
(3219, 46, '015546036', 'Santo Domingo', '0155', '015546', '2021-07-19 09:29:55', '2021-07-19 09:29:55', 0),
(3220, 46, '015546037', 'Sugcong', '0155', '015546', '2021-07-19 09:29:55', '2021-07-19 09:29:55', 0),
(3221, 46, '015546038', 'Tipuso', '0155', '015546', '2021-07-19 09:29:55', '2021-07-19 09:29:55', 0),
(3222, 46, '015546039', 'Tulong', '0155', '015546', '2021-07-19 09:29:55', '2021-07-19 09:29:55', 0),
(3223, 47, '015547001', 'Amamperez', '0155', '015547', '2021-07-19 09:29:55', '2021-07-19 09:29:55', 0),
(3224, 47, '015547002', 'Bacag', '0155', '015547', '2021-07-19 09:29:55', '2021-07-19 09:29:55', 0),
(3225, 47, '015547003', 'Barangobong', '0155', '015547', '2021-07-19 09:29:55', '2021-07-19 09:29:55', 0),
(3226, 47, '015547004', 'Barraca', '0155', '015547', '2021-07-19 09:29:55', '2021-07-19 09:29:55', 0),
(3227, 47, '015547005', 'Capulaan', '0155', '015547', '2021-07-19 09:29:55', '2021-07-19 09:29:55', 0),
(3228, 47, '015547006', 'Caramutan', '0155', '015547', '2021-07-19 09:29:55', '2021-07-19 09:29:55', 0),
(3229, 47, '015547007', 'La Paz', '0155', '015547', '2021-07-19 09:29:55', '2021-07-19 09:29:55', 0),
(3230, 47, '015547008', 'Labit', '0155', '015547', '2021-07-19 09:29:55', '2021-07-19 09:29:55', 0),
(3231, 47, '015547009', 'Lipay', '0155', '015547', '2021-07-19 09:29:55', '2021-07-19 09:29:55', 0),
(3232, 47, '015547010', 'Lomboy', '0155', '015547', '2021-07-19 09:29:55', '2021-07-19 09:29:55', 0),
(3233, 47, '015547011', 'Piaz (Plaza)', '0155', '015547', '2021-07-19 09:29:55', '2021-07-19 09:29:55', 0),
(3234, 47, '015547012', 'Zone V (Pob.)', '0155', '015547', '2021-07-19 09:29:55', '2021-07-19 09:29:55', 0),
(3235, 47, '015547013', 'Zone I (Pob.)', '0155', '015547', '2021-07-19 09:29:55', '2021-07-19 09:29:55', 0),
(3236, 47, '015547014', 'Zone II (Pob.)', '0155', '015547', '2021-07-19 09:29:55', '2021-07-19 09:29:55', 0),
(3237, 47, '015547015', 'Zone III (Pob.)', '0155', '015547', '2021-07-19 09:29:55', '2021-07-19 09:29:55', 0),
(3238, 47, '015547016', 'Zone IV (Pob.)', '0155', '015547', '2021-07-19 09:29:55', '2021-07-19 09:29:55', 0),
(3239, 47, '015547017', 'Puelay', '0155', '015547', '2021-07-19 09:29:55', '2021-07-19 09:29:55', 0),
(3240, 47, '015547018', 'San Blas', '0155', '015547', '2021-07-19 09:29:55', '2021-07-19 09:29:55', 0),
(3241, 47, '015547019', 'San Nicolas', '0155', '015547', '2021-07-19 09:29:55', '2021-07-19 09:29:55', 0),
(3242, 47, '015547020', 'Tombod', '0155', '015547', '2021-07-19 09:29:55', '2021-07-19 09:29:55', 0),
(3243, 47, '015547021', 'Unzad', '0155', '015547', '2021-07-19 09:29:55', '2021-07-19 09:29:55', 0),
(3244, 48, '015548001', 'Anis', '0155', '015548', '2021-07-19 09:29:55', '2021-07-19 09:29:55', 0),
(3245, 48, '015548002', 'Botique', '0155', '015548', '2021-07-19 09:29:55', '2021-07-19 09:29:55', 0),
(3246, 48, '015548003', 'Caaringayan', '0155', '015548', '2021-07-19 09:29:55', '2021-07-19 09:29:55', 0),
(3247, 48, '015548004', 'Domingo Alarcio (Cabilaoan East)', '0155', '015548', '2021-07-19 09:29:55', '2021-07-19 09:29:55', 0),
(3248, 48, '015548005', 'Cabilaoan West', '0155', '015548', '2021-07-19 09:29:55', '2021-07-19 09:29:55', 0),
(3249, 48, '015548006', 'Cabulalaan', '0155', '015548', '2021-07-19 09:29:55', '2021-07-19 09:29:55', 0),
(3250, 48, '015548007', 'Calaoagan', '0155', '015548', '2021-07-19 09:29:55', '2021-07-19 09:29:55', 0),
(3251, 48, '015548008', 'Calmay', '0155', '015548', '2021-07-19 09:29:55', '2021-07-19 09:29:55', 0),
(3252, 48, '015548009', 'Casampagaan', '0155', '015548', '2021-07-19 09:29:55', '2021-07-19 09:29:55', 0),
(3253, 48, '015548010', 'Casanestebanan', '0155', '015548', '2021-07-19 09:29:55', '2021-07-19 09:29:55', 0),
(3254, 48, '015548011', 'Casantiagoan', '0155', '015548', '2021-07-19 09:29:55', '2021-07-19 09:29:55', 0),
(3255, 48, '015548012', 'Inmanduyan', '0155', '015548', '2021-07-19 09:29:55', '2021-07-19 09:29:55', 0),
(3256, 48, '015548013', 'Poblacion (Laoac)', '0155', '015548', '2021-07-19 09:29:55', '2021-07-19 09:29:55', 0),
(3257, 48, '015548014', 'Lebueg', '0155', '015548', '2021-07-19 09:29:55', '2021-07-19 09:29:55', 0),
(3258, 48, '015548015', 'Maraboc', '0155', '015548', '2021-07-19 09:29:55', '2021-07-19 09:29:55', 0),
(3259, 48, '015548016', 'Nanbagatan', '0155', '015548', '2021-07-19 09:29:55', '2021-07-19 09:29:55', 0),
(3260, 48, '015548017', 'Panaga', '0155', '015548', '2021-07-19 09:29:55', '2021-07-19 09:29:55', 0),
(3261, 48, '015548018', 'Talogtog', '0155', '015548', '2021-07-19 09:29:55', '2021-07-19 09:29:55', 0),
(3262, 48, '015548019', 'Turko', '0155', '015548', '2021-07-19 09:29:55', '2021-07-19 09:29:55', 0),
(3263, 48, '015548020', 'Yatyat', '0155', '015548', '2021-07-19 09:29:55', '2021-07-19 09:29:55', 0),
(3264, 48, '015548021', 'Balligi', '0155', '015548', '2021-07-19 09:29:55', '2021-07-19 09:29:55', 0),
(3265, 48, '015548022', 'Banuar', '0155', '015548', '2021-07-19 09:29:55', '2021-07-19 09:29:55', 0);

-- --------------------------------------------------------

--
-- Table structure for table `certification`
--

CREATE TABLE `certification` (
  `cert_id` int(11) NOT NULL,
  `resume_id` int(11) NOT NULL,
  `cert_name` varchar(150) NOT NULL,
  `institution` varchar(150) NOT NULL,
  `date_received` date NOT NULL
) ENGINE=InnoDB DEFAULT CHARSET=utf8mb4 COLLATE=utf8mb4_general_ci;

-- --------------------------------------------------------

--
-- Table structure for table `city_mun`
--

CREATE TABLE `city_mun` (
  `city_mun_id` int(11) NOT NULL,
  `province_id` int(11) NOT NULL DEFAULT 1,
  `city_mun_name` text DEFAULT NULL,
  `province_code` varchar(255) DEFAULT NULL,
  `city_mun_created_at` datetime DEFAULT current_timestamp(),
  `city_mun_updated_at` datetime DEFAULT NULL,
  `is_archived` tinyint(1) NOT NULL DEFAULT 0
) ENGINE=InnoDB DEFAULT CHARSET=utf8mb4 COLLATE=utf8mb4_general_ci;

--
-- Dumping data for table `city_mun`
--

INSERT INTO `city_mun` (`city_mun_id`, `province_id`, `city_mun_name`, `province_code`, `city_mun_created_at`, `city_mun_updated_at`, `is_archived`) VALUES
(1, 1, 'Agno', '0155', '2024-11-07 13:48:57', NULL, 0),
(2, 1, 'Aguilar', '0155', '2024-11-07 13:48:57', NULL, 0),
(3, 1, 'Alaminos City', '0155', '2024-11-07 13:48:57', NULL, 0),
(4, 1, 'Alcala', '0155', '2024-11-07 13:48:57', NULL, 0),
(5, 1, 'Anda', '0155', '2024-11-07 13:48:57', NULL, 0),
(6, 1, 'Asingan', '0155', '2024-11-07 13:48:57', NULL, 0),
(7, 1, 'Balungao', '0155', '2024-11-07 13:48:57', NULL, 0),
(8, 1, 'Bani', '0155', '2024-11-07 13:48:57', NULL, 0),
(9, 1, 'Basista', '0155', '2024-11-07 13:48:57', NULL, 0),
(10, 1, 'Bautista', '0155', '2024-11-07 13:48:57', NULL, 0),
(11, 1, 'Bayambang', '0155', '2024-11-07 13:48:57', NULL, 0),
(12, 1, 'Binalonan', '0155', '2024-11-07 13:48:57', NULL, 0),
(13, 1, 'Binmaley', '0155', '2024-11-07 13:48:57', NULL, 0),
(14, 1, 'Bolinao', '0155', '2024-11-07 13:48:57', NULL, 0),
(15, 1, 'Bugallon', '0155', '2024-11-07 13:48:57', NULL, 0),
(16, 1, 'Burgos', '0155', '2024-11-07 13:48:57', NULL, 0),
(17, 1, 'Calasiao', '0155', '2024-11-07 13:48:57', NULL, 0),
(18, 1, 'Dagupan City', '0155', '2024-11-07 13:48:57', NULL, 0),
(19, 1, 'Dasol', '0155', '2024-11-07 13:48:57', NULL, 0),
(20, 1, 'Infanta', '0155', '2024-11-07 13:48:57', NULL, 0),
(21, 1, 'Labrador', '0155', '2024-11-07 13:48:57', NULL, 0),
(22, 1, 'Lingayen', '0155', '2024-11-07 13:48:57', NULL, 0),
(23, 1, 'Mabini', '0155', '2024-11-07 13:48:57', NULL, 0),
(24, 1, 'Malasiqui', '0155', '2024-11-07 13:48:57', NULL, 0),
(25, 1, 'Manaoag', '0155', '2024-11-07 13:48:57', NULL, 0),
(26, 1, 'Mangaldan', '0155', '2024-11-07 13:48:57', NULL, 0),
(27, 1, 'Mangatarem', '0155', '2024-11-07 13:48:57', NULL, 0),
(28, 1, 'Mapandan', '0155', '2024-11-07 13:48:57', NULL, 0),
(29, 1, 'Natividad', '0155', '2024-11-07 13:48:57', NULL, 0),
(30, 1, 'Pozorrubio', '0155', '2024-11-07 13:48:57', NULL, 0),
(31, 1, 'Rosales', '0155', '2024-11-07 13:48:57', NULL, 0),
(32, 1, 'San Carlos City', '0155', '2024-11-07 13:48:57', NULL, 0),
(33, 1, 'San Fabian', '0155', '2024-11-07 13:48:57', NULL, 0),
(34, 1, 'San Jacinto', '0155', '2024-11-07 13:48:57', NULL, 0),
(35, 1, 'San Manuel', '0155', '2024-11-07 13:48:57', NULL, 0),
(36, 1, 'San Nicolas', '0155', '2024-11-07 13:48:57', NULL, 0),
(37, 1, 'San Quintin', '0155', '2024-11-07 13:48:57', NULL, 0),
(38, 1, 'Santa Barbara', '0155', '2024-11-07 13:48:57', NULL, 0),
(39, 1, 'Santa Maria', '0155', '2024-11-07 13:48:57', NULL, 0),
(40, 1, 'Santo Tomas', '0155', '2024-11-07 13:48:57', NULL, 0),
(41, 1, 'Sison', '0155', '2024-11-07 13:48:57', NULL, 0),
(42, 1, 'Sual', '0155', '2024-11-07 13:48:57', NULL, 0),
(43, 1, 'Tayug', '0155', '2024-11-07 13:48:57', NULL, 0),
(44, 1, 'Umingan', '0155', '2024-11-07 13:48:57', NULL, 0),
(45, 1, 'Urbiztondo', '0155', '2024-11-07 13:48:57', NULL, 0),
(46, 1, 'Urdaneta City', '0155', '2024-11-07 13:48:57', NULL, 0),
(47, 1, 'Villasis', '0155', '2024-11-07 13:48:57', NULL, 0),
(48, 1, 'Laoac', '0155', '2024-11-07 13:48:57', NULL, 0);

-- --------------------------------------------------------

--
-- Table structure for table `company`
--

CREATE TABLE `company` (
  `company_id` int(11) NOT NULL,
  `user_id` int(11) NOT NULL,
  `company_name` varchar(150) NOT NULL,
  `description` text DEFAULT NULL,
  `industry` varchar(100) DEFAULT NULL,
  `location` varchar(150) DEFAULT NULL,
  `website` varchar(150) DEFAULT NULL,
  `facebook_link` varchar(255) DEFAULT NULL,
  `linkedin_link` varchar(255) DEFAULT NULL,
  `logo` varchar(255) DEFAULT NULL,
  `status` enum('approved','pending','rejected') DEFAULT 'pending'
) ENGINE=InnoDB DEFAULT CHARSET=utf8mb4 COLLATE=utf8mb4_general_ci;

--
-- Dumping data for table `company`
--

INSERT INTO `company` (`company_id`, `user_id`, `company_name`, `description`, `industry`, `location`, `website`, `facebook_link`, `linkedin_link`, `logo`, `status`) VALUES
(3, 90, 'Company X', 'Company X is a forward-thinking and innovative organization dedicated to delivering high-quality products to our clients. With a strong focus on industry sector, e.g., technology, healthcare, or finance, we strive to create solutions that drive growth, efficiency, and positive impact.', NULL, NULL, NULL, 'https://www.facebook.com/Budong.Bayambang', NULL, 'uploads/company_logos/company_logo_90_1765916620.jpg', 'pending'),
(4, 92, 'Company A', NULL, NULL, NULL, NULL, NULL, NULL, NULL, 'pending');

-- --------------------------------------------------------

--
-- Table structure for table `default_questions`
--

CREATE TABLE `default_questions` (
  `default_question_id` int(11) NOT NULL,
  `question_text` text NOT NULL,
  `question_type` varchar(50) NOT NULL DEFAULT 'text',
  `options_json` text DEFAULT NULL,
  `is_required` tinyint(1) DEFAULT 1
) ENGINE=InnoDB DEFAULT CHARSET=utf8mb4 COLLATE=utf8mb4_general_ci;

--
-- Dumping data for table `default_questions`
--

INSERT INTO `default_questions` (`default_question_id`, `question_text`, `question_type`, `options_json`, `is_required`) VALUES
(1, 'Why are you interested in this position?', 'text', NULL, 1),
(2, 'What is your preferred work arrangement?', 'select', '[\"Remote\", \"Hybrid\", \"On-site\", \"Flexible\"]', 1),
(3, 'What are your expected salary?', 'salary_range', NULL, 1);

-- --------------------------------------------------------

--
-- Table structure for table `education`
--

CREATE TABLE `education` (
  `education_id` int(11) NOT NULL,
  `education_level_id` int(11) DEFAULT NULL,
  `resume_id` int(11) NOT NULL,
  `school_name` varchar(150) NOT NULL,
  `course` varchar(100) NOT NULL,
  `start_date` date NOT NULL,
  `end_date` date DEFAULT NULL
) ENGINE=InnoDB DEFAULT CHARSET=utf8mb4 COLLATE=utf8mb4_general_ci;

-- --------------------------------------------------------

--
-- Table structure for table `education_level`
--

CREATE TABLE `education_level` (
  `education_level_id` int(11) NOT NULL,
  `education_level_name` varchar(150) NOT NULL,
  `created_at` timestamp NOT NULL DEFAULT current_timestamp(),
  `is_archived` tinyint(1) NOT NULL DEFAULT 0
) ENGINE=InnoDB DEFAULT CHARSET=utf8mb4 COLLATE=utf8mb4_general_ci;

--
-- Dumping data for table `education_level`
--

INSERT INTO `education_level` (`education_level_id`, `education_level_name`, `created_at`, `is_archived`) VALUES
(1, 'No Formal Education', '2025-12-07 14:58:12', 0),
(2, 'Elementary Level', '2025-12-07 14:58:12', 0),
(3, 'Elementary Graduate', '2025-12-07 14:58:12', 0),
(4, 'High School Level', '2025-12-07 14:58:12', 0),
(5, 'High School Graduate', '2025-12-07 14:58:12', 0),
(6, 'Senior High School Level', '2025-12-07 14:58:12', 0),
(7, 'Senior High School Graduate', '2025-12-07 14:58:12', 0),
(8, 'Vocational / Certificate', '2025-12-07 14:58:12', 0),
(9, 'Associate Degree', '2025-12-07 14:58:12', 0),
(10, 'College Level', '2025-12-07 14:58:12', 0),
(11, 'College Graduate', '2025-12-07 14:58:12', 0),
(12, 'Bachelor’s Degree', '2025-12-07 14:58:12', 0),
(13, 'Master’s Degree', '2025-12-07 14:58:12', 0),
(14, 'Doctorate Degree', '2025-12-07 14:58:12', 0),
(15, 'Professional License', '2025-12-07 14:58:12', 0),
(16, 'Post-Graduate Studies', '2025-12-07 14:58:12', 0);

-- --------------------------------------------------------

--
-- Table structure for table `employer_applicant_swipes`
--

CREATE TABLE `employer_applicant_swipes` (
  `swipe_id` int(11) NOT NULL,
  `employer_id` int(11) NOT NULL,
  `applicant_id` int(11) NOT NULL,
  `job_post_id` int(11) NOT NULL,
  `swipe_type` enum('like','dislike') NOT NULL,
  `created_at` datetime DEFAULT current_timestamp()
) ENGINE=InnoDB DEFAULT CHARSET=utf8mb4 COLLATE=utf8mb4_general_ci;

--
-- Dumping data for table `employer_applicant_swipes`
--

INSERT INTO `employer_applicant_swipes` (`swipe_id`, `employer_id`, `applicant_id`, `job_post_id`, `swipe_type`, `created_at`) VALUES
(67, 92, 89, 55, 'like', '2025-12-17 16:58:59'),
(68, 92, 91, 55, 'like', '2025-12-17 17:05:51');

-- --------------------------------------------------------

--
-- Table structure for table `experience_level`
--

CREATE TABLE `experience_level` (
  `experience_level_id` int(11) NOT NULL,
  `experience_level_name` varchar(100) NOT NULL,
  `created_at` timestamp NOT NULL DEFAULT current_timestamp(),
  `is_archived` tinyint(1) NOT NULL DEFAULT 0
) ENGINE=InnoDB DEFAULT CHARSET=utf8mb4 COLLATE=utf8mb4_general_ci;

--
-- Dumping data for table `experience_level`
--

INSERT INTO `experience_level` (`experience_level_id`, `experience_level_name`, `created_at`, `is_archived`) VALUES
(1, 'Intern', '2025-12-08 11:30:47', 0),
(2, 'Junior', '2025-12-08 11:30:47', 0),
(3, 'Mid', '2025-12-08 11:30:47', 0),
(4, 'Senior', '2025-12-08 11:30:47', 0),
(5, 'Lead', '2025-12-08 11:30:47', 0);

-- --------------------------------------------------------

--
-- Table structure for table `industry`
--

CREATE TABLE `industry` (
  `industry_id` int(11) NOT NULL,
  `industry_name` varchar(255) NOT NULL,
  `created_at` timestamp NOT NULL DEFAULT current_timestamp(),
  `is_archived` tinyint(1) NOT NULL DEFAULT 0
) ENGINE=InnoDB DEFAULT CHARSET=utf8mb4 COLLATE=utf8mb4_general_ci;

--
-- Dumping data for table `industry`
--

INSERT INTO `industry` (`industry_id`, `industry_name`, `created_at`, `is_archived`) VALUES
(1, 'Information Technology', '2025-12-07 14:57:35', 0),
(2, 'Creative & Multimedia', '2025-12-07 14:57:35', 0),
(3, 'Sales & Marketing', '2025-12-07 14:57:35', 0),
(4, 'Administrative & Back Office', '2025-12-07 14:57:35', 0),
(5, 'Finance & Business', '2025-12-07 14:57:35', 0),
(6, 'Engineering & Technical', '2025-12-07 14:57:35', 0),
(7, 'Healthcare', '2025-12-07 14:57:35', 0),
(8, 'Education', '2025-12-07 14:57:35', 0),
(9, 'Hospitality & Tourism', '2025-12-07 14:57:35', 0),
(10, 'Manufacturing', '2025-12-07 14:57:35', 0),
(11, 'Logistics', '2025-12-07 14:57:35', 0),
(12, 'Agriculture', '2025-12-07 14:57:35', 0),
(13, 'Energy & Utilities', '2025-12-07 14:57:35', 0),
(14, 'industry1', '2025-12-17 08:56:16', 0);

-- --------------------------------------------------------

--
-- Table structure for table `interactions`
--

CREATE TABLE `interactions` (
  `interaction_id` bigint(20) NOT NULL,
  `user_id` int(11) NOT NULL,
  `job_post_id` int(11) NOT NULL,
  `action` enum('like','dislike','bookmark') NOT NULL,
  `created_at` datetime DEFAULT current_timestamp(),
  `updated_at` datetime DEFAULT current_timestamp() ON UPDATE current_timestamp()
) ENGINE=InnoDB DEFAULT CHARSET=utf8mb4 COLLATE=utf8mb4_general_ci;

-- --------------------------------------------------------

--
-- Table structure for table `interaction_history`
--

CREATE TABLE `interaction_history` (
  `history_id` bigint(20) NOT NULL,
  `user_id` int(11) NOT NULL,
  `job_post_id` int(11) NOT NULL,
  `action` enum('like','dislike','undo','bookmark') NOT NULL,
  `created_at` datetime DEFAULT current_timestamp(),
  `meta` longtext CHARACTER SET utf8mb4 COLLATE utf8mb4_bin DEFAULT NULL CHECK (json_valid(`meta`))
) ENGINE=InnoDB DEFAULT CHARSET=utf8mb4 COLLATE=utf8mb4_general_ci;

-- --------------------------------------------------------

--
-- Table structure for table `interview_schedule`
--

CREATE TABLE `interview_schedule` (
  `interview_id` int(11) NOT NULL,
  `application_id` int(11) NOT NULL,
  `employer_id` int(11) NOT NULL,
  `applicant_id` int(11) NOT NULL,
  `job_post_id` int(11) NOT NULL,
  `interview_date` date NOT NULL,
  `interview_month` int(11) NOT NULL,
  `interview_day` int(11) NOT NULL,
  `interview_time` time DEFAULT NULL,
  `status` enum('scheduled','completed','cancelled') NOT NULL DEFAULT 'scheduled',
  `created_at` datetime NOT NULL DEFAULT current_timestamp(),
  `updated_at` datetime NOT NULL DEFAULT current_timestamp() ON UPDATE current_timestamp()
) ENGINE=InnoDB DEFAULT CHARSET=utf8mb4 COLLATE=utf8mb4_general_ci;

--
-- Dumping data for table `interview_schedule`
--

INSERT INTO `interview_schedule` (`interview_id`, `application_id`, `employer_id`, `applicant_id`, `job_post_id`, `interview_date`, `interview_month`, `interview_day`, `interview_time`, `status`, `created_at`, `updated_at`) VALUES
(18, 28, 92, 91, 55, '2025-12-18', 12, 18, '05:07:00', 'scheduled', '2025-12-17 17:06:55', '2025-12-17 17:06:55');

-- --------------------------------------------------------

--
-- Table structure for table `job_category`
--

CREATE TABLE `job_category` (
  `job_category_id` int(11) NOT NULL,
  `industry_id` int(11) DEFAULT NULL,
  `job_category_name` varchar(100) NOT NULL,
  `created_at` timestamp NOT NULL DEFAULT current_timestamp(),
  `is_archived` tinyint(1) NOT NULL DEFAULT 0
) ENGINE=InnoDB DEFAULT CHARSET=utf8mb4 COLLATE=utf8mb4_general_ci;

--
-- Dumping data for table `job_category`
--

INSERT INTO `job_category` (`job_category_id`, `industry_id`, `job_category_name`, `created_at`, `is_archived`) VALUES
(17, 1, 'Information Technology & Services', '2025-12-07 14:57:51', 0),
(18, 1, 'Software Development', '2025-12-07 14:57:51', 0),
(19, 1, 'Web Development', '2025-12-07 14:57:51', 0),
(20, 1, 'Cybersecurity', '2025-12-07 14:57:51', 0),
(21, 1, 'Data Science / AI', '2025-12-07 14:57:51', 0),
(22, 1, 'Game Development', '2025-12-07 14:57:51', 0),
(23, 2, 'Graphic Design', '2025-12-07 14:57:51', 0),
(24, 2, 'Animation', '2025-12-07 14:57:51', 0),
(25, 2, 'Video Production', '2025-12-07 14:57:51', 0),
(26, 2, 'Content Creation', '2025-12-07 14:57:51', 0),
(27, 2, 'UI/UX Design', '2025-12-07 14:57:51', 0),
(28, 3, 'Digital Marketing', '2025-12-07 14:57:51', 0),
(29, 3, 'Social Media Management', '2025-12-07 14:57:51', 0),
(30, 3, 'Advertising', '2025-12-07 14:57:51', 0),
(31, 3, 'Public Relations', '2025-12-07 14:57:51', 0),
(32, 3, 'E-commerce', '2025-12-07 14:57:51', 0),
(33, 4, 'Virtual Assistance', '2025-12-07 14:57:51', 0),
(34, 4, 'Data Entry', '2025-12-07 14:57:51', 0),
(35, 4, 'Customer Service', '2025-12-07 14:57:51', 0),
(36, 4, 'Call Center / BPO', '2025-12-07 14:57:51', 0),
(37, 4, 'Human Resources', '2025-12-07 14:57:51', 0),
(38, 5, 'Accounting', '2025-12-07 14:57:51', 0),
(39, 5, 'Banking', '2025-12-07 14:57:51', 0),
(40, 5, 'Financial Services', '2025-12-07 14:57:51', 0),
(41, 5, 'Business Management', '2025-12-07 14:57:51', 0),
(42, 5, 'Real Estate', '2025-12-07 14:57:51', 0),
(43, 6, 'Civil Engineering', '2025-12-07 14:57:51', 0),
(44, 6, 'Mechanical Engineering', '2025-12-07 14:57:51', 0),
(45, 6, 'Electrical Engineering', '2025-12-07 14:57:51', 0),
(46, 6, 'Architecture', '2025-12-07 14:57:51', 0),
(47, 6, 'Construction', '2025-12-07 14:57:51', 0),
(48, 7, 'Nursing', '2025-12-07 14:57:51', 0),
(49, 7, 'Medicine', '2025-12-07 14:57:51', 0),
(50, 7, 'Pharmacy', '2025-12-07 14:57:51', 0),
(51, 7, 'Medical Technology', '2025-12-07 14:57:51', 0),
(52, 7, 'Allied Health', '2025-12-07 14:57:51', 0),
(53, 8, 'Teaching', '2025-12-07 14:57:51', 0),
(54, 8, 'Training & Development', '2025-12-07 14:57:51', 0),
(55, 8, 'Research', '2025-12-07 14:57:51', 0),
(56, 9, 'Hotels & Restaurants', '2025-12-07 14:57:51', 0),
(57, 9, 'Travel & Tourism', '2025-12-07 14:57:51', 0),
(58, 9, 'Food & Beverage', '2025-12-07 14:57:51', 0),
(59, 10, 'Electronics', '2025-12-07 14:57:51', 0),
(60, 10, 'Automotive', '2025-12-07 14:57:51', 0),
(61, 10, 'Garments & Textiles', '2025-12-07 14:57:51', 0),
(62, 10, 'Chemical Industry', '2025-12-07 14:57:51', 0),
(63, 11, 'Shipping', '2025-12-07 14:57:51', 0),
(64, 11, 'Supply Chain', '2025-12-07 14:57:51', 0),
(65, 11, 'Transportation', '2025-12-07 14:57:51', 0),
(66, 11, 'Warehouse Operations', '2025-12-07 14:57:51', 0),
(67, 12, 'Farming', '2025-12-07 14:57:51', 0),
(68, 12, 'Fisheries', '2025-12-07 14:57:51', 0),
(69, 12, 'Forestry', '2025-12-07 14:57:51', 0),
(70, 13, 'Renewable Energy', '2025-12-07 14:57:51', 0),
(71, 13, 'Oil & Gas', '2025-12-07 14:57:51', 0),
(72, 13, 'Water Services', '2025-12-07 14:57:51', 0),
(73, 13, 'Telecommunications', '2025-12-07 14:57:51', 0),
(74, NULL, 'samples', '2025-12-16 21:10:32', 1);

-- --------------------------------------------------------

--
-- Table structure for table `job_likes`
--

CREATE TABLE `job_likes` (
  `job_like_id` int(11) NOT NULL,
  `user_id` int(11) NOT NULL,
  `job_post_id` int(11) NOT NULL,
  `created_at` datetime NOT NULL
) ENGINE=InnoDB DEFAULT CHARSET=utf8mb4 COLLATE=utf8mb4_general_ci;

-- --------------------------------------------------------

--
-- Table structure for table `job_post`
--

CREATE TABLE `job_post` (
  `job_post_id` int(11) NOT NULL,
  `user_id` int(11) DEFAULT NULL,
  `company_id` int(11) DEFAULT NULL,
  `job_post_name` varchar(100) NOT NULL,
  `job_category_id` int(11) DEFAULT NULL,
  `job_type_id` int(11) DEFAULT NULL,
  `job_status_id` int(11) DEFAULT NULL,
  `job_description` text DEFAULT NULL,
  `requirements` text DEFAULT NULL,
  `job_location_id` int(11) DEFAULT NULL,
  `budget` decimal(10,2) DEFAULT NULL,
  `benefits` text DEFAULT NULL,
  `vacancies` int(11) NOT NULL,
  `experience_level_id` int(11) DEFAULT NULL,
  `education_level_id` int(11) DEFAULT NULL,
  `work_setup_id` int(11) DEFAULT NULL,
  `created_at` datetime NOT NULL,
  `updated_at` datetime NOT NULL DEFAULT current_timestamp() ON UPDATE current_timestamp()
) ENGINE=InnoDB DEFAULT CHARSET=utf8mb4 COLLATE=utf8mb4_general_ci;

--
-- Dumping data for table `job_post`
--

INSERT INTO `job_post` (`job_post_id`, `user_id`, `company_id`, `job_post_name`, `job_category_id`, `job_type_id`, `job_status_id`, `job_description`, `requirements`, `job_location_id`, `budget`, `benefits`, `vacancies`, `experience_level_id`, `education_level_id`, `work_setup_id`, `created_at`, `updated_at`) VALUES
(55, 92, 4, 'Web Developer', NULL, 2, 2, 'We are looking for a skilled Web Developer to design, build, and maintain high-quality web applications. You will work closely with our team to create responsive, user-friendly websites and web platforms that meet business goals.', NULL, 45, 50000.00, '', 0, 2, 10, 2, '2025-12-17 16:58:07', '2025-12-17 17:08:04');

-- --------------------------------------------------------

--
-- Table structure for table `job_post_answer`
--

CREATE TABLE `job_post_answer` (
  `answer_id` int(11) NOT NULL,
  `application_id` int(11) NOT NULL,
  `default_question_id` int(11) NOT NULL,
  `answer_text` text NOT NULL
) ENGINE=InnoDB DEFAULT CHARSET=utf8mb4 COLLATE=utf8mb4_general_ci;

--
-- Dumping data for table `job_post_answer`
--

INSERT INTO `job_post_answer` (`answer_id`, `application_id`, `default_question_id`, `answer_text`) VALUES
(79, 27, 1, 'malaki ang salary'),
(80, 27, 2, 'Remote'),
(81, 27, 3, '75000 - 150000'),
(82, 28, 1, 'hello'),
(83, 28, 2, 'Remote'),
(84, 28, 3, '25000 - 35000');

-- --------------------------------------------------------

--
-- Table structure for table `job_post_location`
--

CREATE TABLE `job_post_location` (
  `job_location_id` int(11) NOT NULL,
  `job_post_id` int(11) NOT NULL,
  `city_mun_id` int(11) NOT NULL,
  `barangay_id` int(11) DEFAULT NULL,
  `location_street` varchar(150) DEFAULT NULL,
  `address_line` varchar(255) DEFAULT NULL,
  `created_at` datetime NOT NULL DEFAULT current_timestamp()
) ENGINE=InnoDB DEFAULT CHARSET=utf8mb4 COLLATE=utf8mb4_general_ci;

--
-- Dumping data for table `job_post_location`
--

INSERT INTO `job_post_location` (`job_location_id`, `job_post_id`, `city_mun_id`, `barangay_id`, `location_street`, `address_line`, `created_at`) VALUES
(45, 55, 13, 2225, NULL, 'Binmaley, Canaoalan', '2025-12-17 16:58:07');

-- --------------------------------------------------------

--
-- Table structure for table `job_post_skills`
--

CREATE TABLE `job_post_skills` (
  `job_skill_id` bigint(20) NOT NULL,
  `job_post_id` int(11) NOT NULL,
  `job_category_id` int(11) NOT NULL,
  `skill_id` bigint(20) NOT NULL
) ENGINE=InnoDB DEFAULT CHARSET=utf8mb4 COLLATE=utf8mb4_general_ci;

--
-- Dumping data for table `job_post_skills`
--

INSERT INTO `job_post_skills` (`job_skill_id`, `job_post_id`, `job_category_id`, `skill_id`) VALUES
(119, 55, 19, 19),
(120, 55, 19, 16),
(121, 55, 19, 17);

-- --------------------------------------------------------

--
-- Table structure for table `job_status`
--

CREATE TABLE `job_status` (
  `job_status_id` int(11) NOT NULL,
  `job_status_name` varchar(100) NOT NULL,
  `created_at` timestamp NOT NULL DEFAULT current_timestamp(),
  `is_archived` tinyint(1) NOT NULL DEFAULT 0
) ENGINE=InnoDB DEFAULT CHARSET=utf8mb4 COLLATE=utf8mb4_general_ci;

--
-- Dumping data for table `job_status`
--

INSERT INTO `job_status` (`job_status_id`, `job_status_name`, `created_at`, `is_archived`) VALUES
(1, 'Open', '2025-05-03 00:27:42', 0),
(2, 'Closed', '2025-05-03 00:27:42', 0),
(3, 'Archived', '2025-11-26 12:27:49', 0),
(4, 'deactivated', '2025-12-10 08:48:47', 0);

-- --------------------------------------------------------

--
-- Table structure for table `job_type`
--

CREATE TABLE `job_type` (
  `job_type_id` int(11) NOT NULL,
  `job_type_name` varchar(100) NOT NULL,
  `created_at` datetime NOT NULL DEFAULT current_timestamp(),
  `is_archived` tinyint(1) NOT NULL DEFAULT 0
) ENGINE=InnoDB DEFAULT CHARSET=utf8mb4 COLLATE=utf8mb4_general_ci;

--
-- Dumping data for table `job_type`
--

INSERT INTO `job_type` (`job_type_id`, `job_type_name`, `created_at`, `is_archived`) VALUES
(1, 'Full-time', '2025-11-01 15:36:29', 0),
(2, 'Part-time', '2025-11-01 15:36:29', 0),
(3, 'Contract', '2025-11-01 15:36:29', 0),
(5, 'Internship', '2025-11-01 15:36:29', 0),
(6, 'Freelance', '2025-11-01 15:36:29', 0);

-- --------------------------------------------------------

--
-- Table structure for table `like_history`
--

CREATE TABLE `like_history` (
  `like_id` int(11) NOT NULL,
  `user_id_from` int(11) NOT NULL,
  `user_id_to` int(11) NOT NULL,
  `job_id` int(11) DEFAULT NULL,
  `status` enum('liked','undone') DEFAULT 'liked',
  `created_at` datetime NOT NULL
) ENGINE=InnoDB DEFAULT CHARSET=utf8mb4 COLLATE=utf8mb4_general_ci;

-- --------------------------------------------------------

--
-- Table structure for table `login_attempts`
--

CREATE TABLE `login_attempts` (
  `attempt_id` int(11) NOT NULL,
  `user_id` int(11) DEFAULT NULL,
  `ip_address` varchar(45) NOT NULL,
  `user_agent` varchar(255) DEFAULT NULL,
  `attempt_time` timestamp NOT NULL DEFAULT current_timestamp(),
  `attempt_status` enum('success','failed','locked') NOT NULL,
  `is_trusted_device` tinyint(1) DEFAULT 0
) ENGINE=InnoDB DEFAULT CHARSET=utf8mb4 COLLATE=utf8mb4_general_ci;

-- --------------------------------------------------------

--
-- Table structure for table `matches`
--

CREATE TABLE `matches` (
  `match_id` int(11) NOT NULL,
  `applicant_id` int(11) NOT NULL,
  `employer_id` int(11) NOT NULL,
  `job_post_id` int(11) NOT NULL,
  `matched_at` datetime DEFAULT current_timestamp()
) ENGINE=InnoDB DEFAULT CHARSET=utf8mb4 COLLATE=utf8mb4_general_ci;

--
-- Dumping data for table `matches`
--

INSERT INTO `matches` (`match_id`, `applicant_id`, `employer_id`, `job_post_id`, `matched_at`) VALUES
(44, 89, 92, 55, '2025-12-17 16:58:59'),
(45, 91, 92, 55, '2025-12-17 17:05:51');

-- --------------------------------------------------------

--
-- Table structure for table `notifications`
--

CREATE TABLE `notifications` (
  `notification_id` int(11) NOT NULL,
  `receiver_id` int(11) NOT NULL,
  `receiver_type` enum('applicant','employer') NOT NULL,
  `title` varchar(255) NOT NULL,
  `message` text NOT NULL,
  `notification_type` enum('like','match','interview') NOT NULL,
  `related_id` int(11) NOT NULL,
  `is_read` tinyint(1) DEFAULT 0,
  `created_at` datetime DEFAULT current_timestamp()
) ENGINE=InnoDB DEFAULT CHARSET=utf8mb4 COLLATE=utf8mb4_general_ci;

--
-- Dumping data for table `notifications`
--

INSERT INTO `notifications` (`notification_id`, `receiver_id`, `receiver_type`, `title`, `message`, `notification_type`, `related_id`, `is_read`, `created_at`) VALUES
(91, 90, 'employer', 'You got a like!', 'Clint John liked your profile.', 'like', 100, 1, '2025-12-17 04:04:49'),
(92, 89, 'applicant', 'You got a like!', 'Company X liked your profile.', 'like', 58, 1, '2025-12-17 04:04:57'),
(93, 89, 'applicant', 'It\'s a match!', 'You and Company X liked each other.', 'match', 35, 1, '2025-12-17 04:04:57'),
(94, 90, 'employer', 'It\'s a match!', 'You and Clint John liked each other.', 'match', 35, 1, '2025-12-17 04:04:57'),
(95, 89, 'applicant', 'Interview Scheduled', 'You have an interview with Company X for We are looking for a talented and motivated Web... on Dec 18, 2025.', 'interview', 11, 1, '2025-12-17 04:06:25'),
(96, 90, 'employer', 'You got a like!', 'Clint John liked your profile.', 'like', 101, 1, '2025-12-17 04:33:28'),
(97, 89, 'applicant', 'You got a like!', 'Company X liked your profile.', 'like', 59, 1, '2025-12-17 04:33:36'),
(98, 89, 'applicant', 'It\'s a match!', 'You and Company X liked each other.', 'match', 36, 1, '2025-12-17 04:33:36'),
(99, 90, 'employer', 'It\'s a match!', 'You and Clint John liked each other.', 'match', 36, 1, '2025-12-17 04:33:36'),
(100, 89, 'applicant', 'Interview Scheduled', 'You have an interview with Company X for We are seeking a skilled and motivated Software... on Dec 19, 2025.', 'interview', 12, 1, '2025-12-17 04:36:32'),
(101, 90, 'employer', 'You got a like!', 'Clint John liked your profile.', 'like', 102, 1, '2025-12-17 10:56:36'),
(102, 89, 'applicant', 'You got a like!', 'Company X liked your profile.', 'like', 60, 1, '2025-12-17 10:56:49'),
(103, 89, 'applicant', 'It\'s a match!', 'You and Company X liked each other.', 'match', 37, 1, '2025-12-17 10:56:49'),
(104, 90, 'employer', 'It\'s a match!', 'You and Clint John liked each other.', 'match', 37, 1, '2025-12-17 10:56:49'),
(105, 89, 'applicant', 'Interview Scheduled', 'You have an interview with Company X for sample on Dec 18, 2025.', 'interview', 13, 1, '2025-12-17 10:58:34'),
(106, 90, 'employer', 'You got a like!', 'Clint John liked your profile.', 'like', 103, 1, '2025-12-17 12:59:24'),
(107, 89, 'applicant', 'You got a like!', 'Company X liked your profile.', 'like', 61, 1, '2025-12-17 13:01:18'),
(108, 89, 'applicant', 'It\'s a match!', 'You and Company X liked each other.', 'match', 38, 1, '2025-12-17 13:01:18'),
(109, 90, 'employer', 'It\'s a match!', 'You and Clint John liked each other.', 'match', 38, 1, '2025-12-17 13:01:18'),
(110, 89, 'applicant', 'Interview Scheduled', 'You have an interview with Company X for sample on Dec 18, 2025.', 'interview', 14, 1, '2025-12-17 13:03:29'),
(111, 90, 'employer', 'You got a like!', 'Clint John liked your profile.', 'like', 104, 1, '2025-12-17 13:17:15'),
(112, 90, 'employer', 'You got a like!', 'Marc liked your profile.', 'like', 105, 1, '2025-12-17 14:46:12'),
(113, 89, 'applicant', 'You got a like!', 'Company X liked your profile.', 'like', 62, 1, '2025-12-17 14:46:36'),
(114, 89, 'applicant', 'It\'s a match!', 'You and Company X liked each other.', 'match', 39, 1, '2025-12-17 14:46:36'),
(115, 90, 'employer', 'It\'s a match!', 'You and Clint John liked each other.', 'match', 39, 1, '2025-12-17 14:46:36'),
(116, 91, 'applicant', 'You got a like!', 'Company X liked your profile.', 'like', 63, 0, '2025-12-17 14:46:39'),
(117, 91, 'applicant', 'It\'s a match!', 'You and Company X liked each other.', 'match', 40, 0, '2025-12-17 14:46:39'),
(118, 90, 'employer', 'It\'s a match!', 'You and Marc liked each other.', 'match', 40, 1, '2025-12-17 14:46:39'),
(119, 91, 'applicant', 'Interview Scheduled', 'You have an interview with Company X for oww on Dec 17, 2025.', 'interview', 15, 0, '2025-12-17 14:48:15'),
(120, 90, 'employer', 'You got a like!', 'Clint John liked your profile.', 'like', 106, 0, '2025-12-17 15:48:25'),
(121, 89, 'applicant', 'You got a like!', 'Company X liked your profile.', 'like', 64, 1, '2025-12-17 15:48:38'),
(122, 89, 'applicant', 'It\'s a match!', 'You and Company X liked each other.', 'match', 41, 1, '2025-12-17 15:48:38'),
(123, 90, 'employer', 'It\'s a match!', 'You and Clint John liked each other.', 'match', 41, 0, '2025-12-17 15:48:38'),
(124, 89, 'applicant', 'You got a like!', 'Company X liked your profile.', 'like', 65, 1, '2025-12-17 15:48:49'),
(125, 89, 'applicant', 'It\'s a match!', 'You and Company X liked each other.', 'match', 42, 1, '2025-12-17 15:48:49'),
(126, 90, 'employer', 'It\'s a match!', 'You and Clint John liked each other.', 'match', 42, 0, '2025-12-17 15:48:49'),
(127, 89, 'applicant', 'Interview Scheduled', 'You have an interview with Company X for We are looking for a skilled Web Developer to d... on Dec 18, 2025.', 'interview', 16, 1, '2025-12-17 15:49:57'),
(128, 90, 'employer', 'You got a like!', 'Clint John liked your profile.', 'like', 107, 0, '2025-12-17 16:17:52'),
(129, 89, 'applicant', 'You got a like!', 'Company X liked your profile.', 'like', 66, 0, '2025-12-17 16:18:08'),
(130, 89, 'applicant', 'It\'s a match!', 'You and Company X liked each other.', 'match', 43, 0, '2025-12-17 16:18:08'),
(131, 90, 'employer', 'It\'s a match!', 'You and Clint John liked each other.', 'match', 43, 0, '2025-12-17 16:18:08'),
(132, 89, 'applicant', 'Interview Scheduled', 'You have an interview with Company X for We are looking for a skilled Web Developer to d... on Dec 17, 2025.', 'interview', 17, 0, '2025-12-17 16:19:19'),
(133, 92, 'employer', 'You got a like!', 'Clint John liked your profile.', 'like', 108, 0, '2025-12-17 16:58:46'),
(134, 89, 'applicant', 'You got a like!', 'Company A liked your profile.', 'like', 67, 0, '2025-12-17 16:58:59'),
(135, 89, 'applicant', 'It\'s a match!', 'You and Company A liked each other.', 'match', 44, 0, '2025-12-17 16:58:59'),
(136, 92, 'employer', 'It\'s a match!', 'You and Clint John liked each other.', 'match', 44, 0, '2025-12-17 16:58:59'),
(137, 92, 'employer', 'You got a like!', 'Marc liked your profile.', 'like', 109, 0, '2025-12-17 17:04:59'),
(138, 91, 'applicant', 'You got a like!', 'Company A liked your profile.', 'like', 68, 0, '2025-12-17 17:05:51'),
(139, 91, 'applicant', 'It\'s a match!', 'You and Company A liked each other.', 'match', 45, 0, '2025-12-17 17:05:51'),
(140, 92, 'employer', 'It\'s a match!', 'You and Marc liked each other.', 'match', 45, 0, '2025-12-17 17:05:51'),
(141, 91, 'applicant', 'Interview Scheduled', 'You have an interview with Company A for We are looking for a skilled Web Developer to d... on Dec 18, 2025.', 'interview', 18, 0, '2025-12-17 17:06:55');

-- --------------------------------------------------------

--
-- Table structure for table `password_resets`
--

CREATE TABLE `password_resets` (
  `reset_id` int(11) NOT NULL,
  `user_id` int(11) NOT NULL,
  `reset_token` varchar(255) NOT NULL,
  `created_at` timestamp NOT NULL DEFAULT current_timestamp(),
  `expires_at` timestamp NULL DEFAULT NULL,
  `used_at` timestamp NULL DEFAULT NULL
) ENGINE=InnoDB DEFAULT CHARSET=utf8mb4 COLLATE=utf8mb4_general_ci;

-- --------------------------------------------------------

--
-- Table structure for table `portfolio`
--

CREATE TABLE `portfolio` (
  `portfolio_id` int(11) NOT NULL,
  `resume_id` int(11) NOT NULL,
  `project_name` varchar(150) NOT NULL,
  `description` text DEFAULT NULL,
  `link` varchar(255) DEFAULT NULL,
  `attachment` varchar(255) DEFAULT NULL
) ENGINE=InnoDB DEFAULT CHARSET=utf8mb4 COLLATE=utf8mb4_general_ci;

-- --------------------------------------------------------

--
-- Table structure for table `proficiency_level`
--

CREATE TABLE `proficiency_level` (
  `proficiency_id` int(11) NOT NULL,
  `proficiency_level` varchar(100) NOT NULL,
  `created_at` timestamp NOT NULL DEFAULT current_timestamp(),
  `is_archived` tinyint(1) NOT NULL DEFAULT 0
) ENGINE=InnoDB DEFAULT CHARSET=utf8mb4 COLLATE=utf8mb4_general_ci;

--
-- Dumping data for table `proficiency_level`
--

INSERT INTO `proficiency_level` (`proficiency_id`, `proficiency_level`, `created_at`, `is_archived`) VALUES
(1, 'Beginner', '2025-12-07 15:36:14', 0),
(2, 'Intermediate', '2025-12-07 15:36:14', 0),
(3, 'Advanced', '2025-12-07 15:36:14', 0),
(4, 'Expert', '2025-12-07 15:36:14', 0);

-- --------------------------------------------------------

--
-- Table structure for table `report`
--

CREATE TABLE `report` (
  `report_id` int(11) NOT NULL,
  `reported_by` int(11) NOT NULL,
  `reported_user` int(11) NOT NULL,
  `reason` text NOT NULL,
  `status` enum('pending','reviewed','resolved') DEFAULT 'pending',
  `created_at` datetime NOT NULL
) ENGINE=InnoDB DEFAULT CHARSET=utf8mb4 COLLATE=utf8mb4_general_ci;

-- --------------------------------------------------------

--
-- Table structure for table `resume`
--

CREATE TABLE `resume` (
  `resume_id` int(11) NOT NULL,
  `user_id` int(11) NOT NULL,
  `updated_at` datetime DEFAULT NULL,
  `achievement_id` int(11) DEFAULT NULL,
  `bio` text DEFAULT NULL
) ENGINE=InnoDB DEFAULT CHARSET=utf8mb4 COLLATE=utf8mb4_general_ci;

--
-- Dumping data for table `resume`
--

INSERT INTO `resume` (`resume_id`, `user_id`, `updated_at`, `achievement_id`, `bio`) VALUES
(11, 89, '2025-12-17 16:16:08', NULL, 'I am a motivated and detail-oriented professional with a passion for information technology.'),
(12, 91, '2025-12-17 14:45:59', NULL, NULL);

-- --------------------------------------------------------

--
-- Table structure for table `resume_experiences`
--

CREATE TABLE `resume_experiences` (
  `exp_id` bigint(20) NOT NULL,
  `user_id` int(11) NOT NULL,
  `resume_id` int(11) NOT NULL,
  `title` varchar(255) DEFAULT NULL,
  `experience_level_id` int(11) DEFAULT NULL,
  `company` varchar(255) DEFAULT NULL,
  `start_date` date DEFAULT NULL,
  `end_date` date DEFAULT NULL,
  `description` text DEFAULT NULL
) ENGINE=InnoDB DEFAULT CHARSET=utf8mb4 COLLATE=utf8mb4_general_ci;

-- --------------------------------------------------------

--
-- Table structure for table `resume_preference`
--

CREATE TABLE `resume_preference` (
  `resume_preference_id` int(11) NOT NULL,
  `resume_id` int(11) NOT NULL,
  `job_type_id` int(11) NOT NULL,
  `industry_id` int(11) NOT NULL,
  `created_at` datetime DEFAULT current_timestamp(),
  `updated_at` datetime DEFAULT current_timestamp() ON UPDATE current_timestamp()
) ENGINE=InnoDB DEFAULT CHARSET=utf8mb4 COLLATE=utf8mb4_general_ci;

--
-- Dumping data for table `resume_preference`
--

INSERT INTO `resume_preference` (`resume_preference_id`, `resume_id`, `job_type_id`, `industry_id`, `created_at`, `updated_at`) VALUES
(3, 11, 2, 1, '2025-12-17 04:00:11', '2025-12-17 16:16:08'),
(4, 12, 3, 1, '2025-12-17 14:45:59', '2025-12-17 14:45:59');

-- --------------------------------------------------------

--
-- Table structure for table `sessions`
--

CREATE TABLE `sessions` (
  `session_id` int(11) NOT NULL,
  `user_id` int(11) NOT NULL,
  `token` varchar(255) NOT NULL,
  `created_at` timestamp NOT NULL DEFAULT current_timestamp(),
  `expires_at` timestamp NULL DEFAULT NULL,
  `last_activity_at` timestamp NULL DEFAULT NULL,
  `is_remember_me` tinyint(1) NOT NULL DEFAULT 0
) ENGINE=InnoDB DEFAULT CHARSET=utf8mb4 COLLATE=utf8mb4_general_ci;

-- --------------------------------------------------------

--
-- Table structure for table `skills`
--

CREATE TABLE `skills` (
  `skill_id` bigint(20) NOT NULL,
  `job_category_id` int(11) DEFAULT NULL,
  `name` varchar(255) NOT NULL,
  `created_at` datetime DEFAULT current_timestamp(),
  `is_archived` tinyint(1) NOT NULL DEFAULT 0
) ENGINE=InnoDB DEFAULT CHARSET=utf8mb4 COLLATE=utf8mb4_general_ci;

--
-- Dumping data for table `skills`
--

INSERT INTO `skills` (`skill_id`, `job_category_id`, `name`, `created_at`, `is_archived`) VALUES
(1, 17, 'Network Administration', '2025-12-07 15:00:00', 0),
(2, 17, 'Cloud Computing (AWS, Azure, GCP)', '2025-12-07 15:00:00', 0),
(3, 17, 'IT Support', '2025-12-07 15:00:00', 0),
(4, 17, 'System Administration', '2025-12-07 15:00:00', 0),
(5, 17, 'DevOps', '2025-12-07 15:00:00', 0),
(6, 17, 'Database Management', '2025-12-07 15:00:00', 0),
(7, 17, 'Server Management', '2025-12-07 15:00:00', 0),
(8, 18, 'Java', '2025-12-07 15:00:00', 0),
(9, 18, 'Python', '2025-12-07 15:00:00', 0),
(10, 18, 'C++', '2025-12-07 15:00:00', 0),
(11, 18, 'C#', '2025-12-07 15:00:00', 0),
(12, 18, 'Mobile App Development', '2025-12-07 15:00:00', 0),
(13, 18, 'Software Testing', '2025-12-07 15:00:00', 0),
(14, 18, 'Agile/Scrum', '2025-12-07 15:00:00', 0),
(15, 18, 'Git Version Control', '2025-12-07 15:00:00', 0),
(16, 19, 'HTML/CSS', '2025-12-07 15:00:00', 0),
(17, 19, 'JavaScript', '2025-12-07 15:00:00', 0),
(18, 19, 'React', '2025-12-07 15:00:00', 0),
(19, 19, 'Angular', '2025-12-07 15:00:00', 0),
(20, 19, 'Vue.js', '2025-12-07 15:00:00', 0),
(21, 19, 'Node.js', '2025-12-07 15:00:00', 0),
(22, 19, 'PHP', '2025-12-07 15:00:00', 0),
(23, 19, 'WordPress', '2025-12-07 15:00:00', 0),
(24, 19, 'Responsive Design', '2025-12-07 15:00:00', 0),
(25, 20, 'Penetration Testing', '2025-12-07 15:00:00', 0),
(26, 20, 'Ethical Hacking', '2025-12-07 15:00:00', 0),
(27, 20, 'Security Auditing', '2025-12-07 15:00:00', 0),
(28, 20, 'Firewall Management', '2025-12-07 15:00:00', 0),
(29, 20, 'Incident Response', '2025-12-07 15:00:00', 0),
(30, 20, 'Cryptography', '2025-12-07 15:00:00', 0),
(31, 20, 'Risk Assessment', '2025-12-07 15:00:00', 0),
(32, 21, 'Machine Learning', '2025-12-07 15:00:00', 0),
(33, 21, 'Deep Learning', '2025-12-07 15:00:00', 0),
(34, 21, 'Python (NumPy, Pandas)', '2025-12-07 15:00:00', 0),
(35, 21, 'TensorFlow', '2025-12-07 15:00:00', 0),
(36, 21, 'PyTorch', '2025-12-07 15:00:00', 0),
(37, 21, 'Data Visualization', '2025-12-07 15:00:00', 0),
(38, 21, 'Statistical Analysis', '2025-12-07 15:00:00', 0),
(39, 21, 'SQL', '2025-12-07 15:00:00', 0),
(40, 21, 'Big Data (Hadoop, Spark)', '2025-12-07 15:00:00', 0),
(41, 22, 'Unity', '2025-12-07 15:00:00', 0),
(42, 22, 'Unreal Engine', '2025-12-07 15:00:00', 0),
(43, 22, 'C++', '2025-12-07 15:00:00', 0),
(44, 22, 'C#', '2025-12-07 15:00:00', 0),
(45, 22, '3D Modeling', '2025-12-07 15:00:00', 0),
(46, 22, 'Game Design', '2025-12-07 15:00:00', 0),
(47, 22, 'Animation', '2025-12-07 15:00:00', 0),
(48, 23, 'Adobe Photoshop', '2025-12-07 15:00:00', 0),
(49, 23, 'Adobe Illustrator', '2025-12-07 15:00:00', 0),
(50, 23, 'Adobe InDesign', '2025-12-07 15:00:00', 0),
(51, 23, 'CorelDRAW', '2025-12-07 15:00:00', 0),
(52, 23, 'Figma', '2025-12-07 15:00:00', 0),
(53, 23, 'Typography', '2025-12-07 15:00:00', 0),
(54, 23, 'Brand Identity Design', '2025-12-07 15:00:00', 0),
(55, 23, 'Print Design', '2025-12-07 15:00:00', 0),
(56, 24, 'Adobe After Effects', '2025-12-07 15:00:00', 0),
(57, 24, 'Blender', '2025-12-07 15:00:00', 0),
(58, 24, 'Maya', '2025-12-07 15:00:00', 0),
(59, 24, '3ds Max', '2025-12-07 15:00:00', 0),
(60, 24, '2D Animation', '2025-12-07 15:00:00', 0),
(61, 24, '3D Animation', '2025-12-07 15:00:00', 0),
(62, 24, 'Motion Graphics', '2025-12-07 15:00:00', 0),
(63, 25, 'Adobe Premiere Pro', '2025-12-07 15:00:00', 0),
(64, 25, 'Final Cut Pro', '2025-12-07 15:00:00', 0),
(65, 25, 'DaVinci Resolve', '2025-12-07 15:00:00', 0),
(66, 25, 'Video Editing', '2025-12-07 15:00:00', 0),
(67, 25, 'Color Grading', '2025-12-07 15:00:00', 0),
(68, 25, 'Cinematography', '2025-12-07 15:00:00', 0),
(69, 25, 'Sound Design', '2025-12-07 15:00:00', 0),
(70, 26, 'Copywriting', '2025-12-07 15:00:00', 0),
(71, 26, 'SEO Writing', '2025-12-07 15:00:00', 0),
(72, 26, 'Blog Writing', '2025-12-07 15:00:00', 0),
(73, 26, 'Technical Writing', '2025-12-07 15:00:00', 0),
(74, 26, 'Creative Writing', '2025-12-07 15:00:00', 0),
(75, 26, 'Content Strategy', '2025-12-07 15:00:00', 0),
(76, 26, 'Storytelling', '2025-12-07 15:00:00', 0),
(77, 27, 'User Research', '2025-12-07 15:00:00', 0),
(78, 27, 'Wireframing', '2025-12-07 15:00:00', 0),
(79, 27, 'Prototyping', '2025-12-07 15:00:00', 0),
(80, 27, 'Figma', '2025-12-07 15:00:00', 0),
(81, 27, 'Adobe XD', '2025-12-07 15:00:00', 0),
(82, 27, 'Sketch', '2025-12-07 15:00:00', 0),
(83, 27, 'Usability Testing', '2025-12-07 15:00:00', 0),
(84, 27, 'Information Architecture', '2025-12-07 15:00:00', 0),
(85, 28, 'Google Ads', '2025-12-07 15:00:00', 0),
(86, 28, 'Facebook Ads', '2025-12-07 15:00:00', 0),
(87, 28, 'SEO (Search Engine Optimization)', '2025-12-07 15:00:00', 0),
(88, 28, 'SEM (Search Engine Marketing)', '2025-12-07 15:00:00', 0),
(89, 28, 'Email Marketing', '2025-12-07 15:00:00', 0),
(90, 28, 'Marketing Analytics', '2025-12-07 15:00:00', 0),
(91, 28, 'Content Marketing', '2025-12-07 15:00:00', 0),
(92, 29, 'Social Media Strategy', '2025-12-07 15:00:00', 0),
(93, 29, 'Community Management', '2025-12-07 15:00:00', 0),
(94, 29, 'Content Scheduling', '2025-12-07 15:00:00', 0),
(95, 29, 'Analytics & Reporting', '2025-12-07 15:00:00', 0),
(96, 29, 'Influencer Marketing', '2025-12-07 15:00:00', 0),
(97, 29, 'Social Media Advertising', '2025-12-07 15:00:00', 0),
(98, 30, 'Campaign Planning', '2025-12-07 15:00:00', 0),
(99, 30, 'Media Buying', '2025-12-07 15:00:00', 0),
(100, 30, 'Creative Direction', '2025-12-07 15:00:00', 0),
(101, 30, 'Brand Management', '2025-12-07 15:00:00', 0),
(102, 30, 'Market Research', '2025-12-07 15:00:00', 0),
(103, 30, 'Ad Copywriting', '2025-12-07 15:00:00', 0),
(104, 31, 'Media Relations', '2025-12-07 15:00:00', 0),
(105, 31, 'Press Release Writing', '2025-12-07 15:00:00', 0),
(106, 31, 'Crisis Management', '2025-12-07 15:00:00', 0),
(107, 31, 'Event Planning', '2025-12-07 15:00:00', 0),
(108, 31, 'Reputation Management', '2025-12-07 15:00:00', 0),
(109, 31, 'Public Speaking', '2025-12-07 15:00:00', 0),
(110, 32, 'Shopify', '2025-12-07 15:00:00', 0),
(111, 32, 'WooCommerce', '2025-12-07 15:00:00', 0),
(112, 32, 'Magento', '2025-12-07 15:00:00', 0),
(113, 32, 'Product Listing', '2025-12-07 15:00:00', 0),
(114, 32, 'Inventory Management', '2025-12-07 15:00:00', 0),
(115, 32, 'Payment Gateway Integration', '2025-12-07 15:00:00', 0),
(116, 32, 'Conversion Optimization', '2025-12-07 15:00:00', 0),
(117, 33, 'Email Management', '2025-12-07 15:00:00', 0),
(118, 33, 'Calendar Management', '2025-12-07 15:00:00', 0),
(119, 33, 'Travel Arrangements', '2025-12-07 15:00:00', 0),
(120, 33, 'Document Preparation', '2025-12-07 15:00:00', 0),
(121, 33, 'Research Skills', '2025-12-07 15:00:00', 0),
(122, 33, 'Microsoft Office Suite', '2025-12-07 15:00:00', 0),
(123, 33, 'Time Management', '2025-12-07 15:00:00', 0),
(124, 34, 'Typing Speed', '2025-12-07 15:00:00', 0),
(125, 34, 'Accuracy & Attention to Detail', '2025-12-07 15:00:00', 0),
(126, 34, 'Microsoft Excel', '2025-12-07 15:00:00', 0),
(127, 34, 'Data Processing', '2025-12-07 15:00:00', 0),
(128, 34, 'Database Entry', '2025-12-07 15:00:00', 0),
(129, 34, 'File Management', '2025-12-07 15:00:00', 0),
(130, 35, 'Communication Skills', '2025-12-07 15:00:00', 0),
(131, 35, 'Problem Solving', '2025-12-07 15:00:00', 0),
(132, 35, 'Patience & Empathy', '2025-12-07 15:00:00', 0),
(133, 35, 'CRM Software', '2025-12-07 15:00:00', 0),
(134, 35, 'Conflict Resolution', '2025-12-07 15:00:00', 0),
(135, 35, 'Product Knowledge', '2025-12-07 15:00:00', 0),
(136, 36, 'Phone Etiquette', '2025-12-07 15:00:00', 0),
(137, 36, 'Active Listening', '2025-12-07 15:00:00', 0),
(138, 36, 'Multitasking', '2025-12-07 15:00:00', 0),
(139, 36, 'Sales Skills', '2025-12-07 15:00:00', 0),
(140, 36, 'Technical Support', '2025-12-07 15:00:00', 0),
(141, 36, 'Call Handling', '2025-12-07 15:00:00', 0),
(142, 37, 'Recruitment', '2025-12-07 15:00:00', 0),
(143, 37, 'Employee Relations', '2025-12-07 15:00:00', 0),
(144, 37, 'Performance Management', '2025-12-07 15:00:00', 0),
(145, 37, 'HR Policies', '2025-12-07 15:00:00', 0),
(146, 37, 'Payroll Management', '2025-12-07 15:00:00', 0),
(147, 37, 'Training & Development', '2025-12-07 15:00:00', 0),
(148, 37, 'HRIS Systems', '2025-12-07 15:00:00', 0),
(149, 38, 'Bookkeeping', '2025-12-07 15:00:00', 0),
(150, 38, 'Financial Reporting', '2025-12-07 15:00:00', 0),
(151, 38, 'Tax Preparation', '2025-12-07 15:00:00', 0),
(152, 38, 'QuickBooks', '2025-12-07 15:00:00', 0),
(153, 38, 'SAP', '2025-12-07 15:00:00', 0),
(154, 38, 'Accounts Payable/Receivable', '2025-12-07 15:00:00', 0),
(155, 38, 'Auditing', '2025-12-07 15:00:00', 0),
(156, 39, 'Loan Processing', '2025-12-07 15:00:00', 0),
(157, 39, 'Credit Analysis', '2025-12-07 15:00:00', 0),
(158, 39, 'Risk Management', '2025-12-07 15:00:00', 0),
(159, 39, 'Customer Relationship Management', '2025-12-07 15:00:00', 0),
(160, 39, 'Regulatory Compliance', '2025-12-07 15:00:00', 0),
(161, 39, 'Financial Products Knowledge', '2025-12-07 15:00:00', 0),
(162, 40, 'Investment Analysis', '2025-12-07 15:00:00', 0),
(163, 40, 'Portfolio Management', '2025-12-07 15:00:00', 0),
(164, 40, 'Financial Planning', '2025-12-07 15:00:00', 0),
(165, 40, 'Wealth Management', '2025-12-07 15:00:00', 0),
(166, 40, 'Insurance Products', '2025-12-07 15:00:00', 0),
(167, 40, 'Financial Modeling', '2025-12-07 15:00:00', 0),
(168, 41, 'Project Management', '2025-12-07 15:00:00', 0),
(169, 41, 'Strategic Planning', '2025-12-07 15:00:00', 0),
(170, 41, 'Leadership', '2025-12-07 15:00:00', 0),
(171, 41, 'Business Analysis', '2025-12-07 15:00:00', 0),
(172, 41, 'Operations Management', '2025-12-07 15:00:00', 0),
(173, 41, 'Budget Management', '2025-12-07 15:00:00', 0),
(174, 42, 'Property Valuation', '2025-12-07 15:00:00', 0),
(175, 42, 'Negotiation Skills', '2025-12-07 15:00:00', 0),
(176, 42, 'Market Analysis', '2025-12-07 15:00:00', 0),
(177, 42, 'Property Management', '2025-12-07 15:00:00', 0),
(178, 42, 'Real Estate Law', '2025-12-07 15:00:00', 0),
(179, 42, 'Sales & Marketing', '2025-12-07 15:00:00', 0),
(180, 43, 'AutoCAD', '2025-12-07 15:00:00', 0),
(181, 43, 'Structural Analysis', '2025-12-07 15:00:00', 0),
(182, 43, 'Project Planning', '2025-12-07 15:00:00', 0),
(183, 43, 'Construction Management', '2025-12-07 15:00:00', 0),
(184, 43, 'Site Inspection', '2025-12-07 15:00:00', 0),
(185, 43, 'Building Codes & Regulations', '2025-12-07 15:00:00', 0),
(186, 44, 'SolidWorks', '2025-12-07 15:00:00', 0),
(187, 44, 'CAD/CAM', '2025-12-07 15:00:00', 0),
(188, 44, 'Thermodynamics', '2025-12-07 15:00:00', 0),
(189, 44, 'Manufacturing Processes', '2025-12-07 15:00:00', 0),
(190, 44, 'Quality Control', '2025-12-07 15:00:00', 0),
(191, 44, 'HVAC Systems', '2025-12-07 15:00:00', 0),
(192, 45, 'Circuit Design', '2025-12-07 15:00:00', 0),
(193, 45, 'PLC Programming', '2025-12-07 15:00:00', 0),
(194, 45, 'Power Systems', '2025-12-07 15:00:00', 0),
(195, 45, 'Electrical Testing', '2025-12-07 15:00:00', 0),
(196, 45, 'Electronics', '2025-12-07 15:00:00', 0),
(197, 45, 'Control Systems', '2025-12-07 15:00:00', 0),
(198, 46, 'Architectural Design', '2025-12-07 15:00:00', 0),
(199, 46, 'Revit', '2025-12-07 15:00:00', 0),
(200, 46, 'SketchUp', '2025-12-07 15:00:00', 0),
(201, 46, '3D Rendering', '2025-12-07 15:00:00', 0),
(202, 46, 'Space Planning', '2025-12-07 15:00:00', 0),
(203, 46, 'Building Information Modeling (BIM)', '2025-12-07 15:00:00', 0),
(204, 47, 'Construction Planning', '2025-12-07 15:00:00', 0),
(205, 47, 'Safety Management', '2025-12-07 15:00:00', 0),
(206, 47, 'Blueprint Reading', '2025-12-07 15:00:00', 0),
(207, 47, 'Cost Estimation', '2025-12-07 15:00:00', 0),
(208, 47, 'Equipment Operation', '2025-12-07 15:00:00', 0),
(209, 47, 'Quality Assurance', '2025-12-07 15:00:00', 0),
(210, 48, 'Patient Care', '2025-12-07 15:00:00', 0),
(211, 48, 'Medical Procedures', '2025-12-07 15:00:00', 0),
(212, 48, 'Medication Administration', '2025-12-07 15:00:00', 0),
(213, 48, 'Vital Signs Monitoring', '2025-12-07 15:00:00', 0),
(214, 48, 'Electronic Health Records (EHR)', '2025-12-07 15:00:00', 0),
(215, 48, 'Critical Care', '2025-12-07 15:00:00', 0),
(216, 49, 'Clinical Diagnosis', '2025-12-07 15:00:00', 0),
(217, 49, 'Medical Treatment', '2025-12-07 15:00:00', 0),
(218, 49, 'Patient Assessment', '2025-12-07 15:00:00', 0),
(219, 49, 'Medical Research', '2025-12-07 15:00:00', 0),
(220, 49, 'Surgery', '2025-12-07 15:00:00', 0),
(221, 49, 'Prescription Management', '2025-12-07 15:00:00', 0),
(222, 50, 'Drug Dispensing', '2025-12-07 15:00:00', 0),
(223, 50, 'Pharmaceutical Knowledge', '2025-12-07 15:00:00', 0),
(224, 50, 'Patient Counseling', '2025-12-07 15:00:00', 0),
(225, 50, 'Medication Therapy Management', '2025-12-07 15:00:00', 0),
(226, 50, 'Inventory Control', '2025-12-07 15:00:00', 0),
(227, 50, 'Compounding', '2025-12-07 15:00:00', 0),
(228, 51, 'Laboratory Testing', '2025-12-07 15:00:00', 0),
(229, 51, 'Specimen Collection', '2025-12-07 15:00:00', 0),
(230, 51, 'Medical Equipment Operation', '2025-12-07 15:00:00', 0),
(231, 51, 'Quality Control', '2025-12-07 15:00:00', 0),
(232, 51, 'Data Analysis', '2025-12-07 15:00:00', 0),
(233, 51, 'Microscopy', '2025-12-07 15:00:00', 0),
(234, 52, 'Physical Therapy', '2025-12-07 15:00:00', 0),
(235, 52, 'Occupational Therapy', '2025-12-07 15:00:00', 0),
(236, 52, 'Radiology', '2025-12-07 15:00:00', 0),
(237, 52, 'Respiratory Therapy', '2025-12-07 15:00:00', 0),
(238, 52, 'Rehabilitation', '2025-12-07 15:00:00', 0),
(239, 52, 'Diagnostic Imaging', '2025-12-07 15:00:00', 0),
(240, 53, 'Lesson Planning', '2025-12-07 15:00:00', 0),
(241, 53, 'Classroom Management', '2025-12-07 15:00:00', 0),
(242, 53, 'Curriculum Development', '2025-12-07 15:00:00', 0),
(243, 53, 'Student Assessment', '2025-12-07 15:00:00', 0),
(244, 53, 'Educational Technology', '2025-12-07 15:00:00', 0),
(245, 53, 'Subject Matter Expertise', '2025-12-07 15:00:00', 0),
(246, 54, 'Training Design', '2025-12-07 15:00:00', 0),
(247, 54, 'Instructional Design', '2025-12-07 15:00:00', 0),
(248, 54, 'E-Learning Development', '2025-12-07 15:00:00', 0),
(249, 54, 'Facilitation Skills', '2025-12-07 15:00:00', 0),
(250, 54, 'Learning Management Systems', '2025-12-07 15:00:00', 0),
(251, 54, 'Performance Coaching', '2025-12-07 15:00:00', 0),
(252, 55, 'Research Methodology', '2025-12-07 15:00:00', 0),
(253, 55, 'Data Collection', '2025-12-07 15:00:00', 0),
(254, 55, 'Statistical Analysis', '2025-12-07 15:00:00', 0),
(255, 55, 'Academic Writing', '2025-12-07 15:00:00', 0),
(256, 55, 'Literature Review', '2025-12-07 15:00:00', 0),
(257, 55, 'Grant Writing', '2025-12-07 15:00:00', 0),
(258, 56, 'Hospitality Management', '2025-12-07 15:00:00', 0),
(259, 56, 'Food & Beverage Service', '2025-12-07 15:00:00', 0),
(260, 56, 'Front Desk Operations', '2025-12-07 15:00:00', 0),
(261, 56, 'Housekeeping', '2025-12-07 15:00:00', 0),
(262, 56, 'Guest Relations', '2025-12-07 15:00:00', 0),
(263, 56, 'POS Systems', '2025-12-07 15:00:00', 0),
(264, 57, 'Tour Planning', '2025-12-07 15:00:00', 0),
(265, 57, 'Destination Knowledge', '2025-12-07 15:00:00', 0),
(266, 57, 'Booking Systems', '2025-12-07 15:00:00', 0),
(267, 57, 'Customer Service', '2025-12-07 15:00:00', 0),
(268, 57, 'Itinerary Planning', '2025-12-07 15:00:00', 0),
(269, 57, 'Travel Documentation', '2025-12-07 15:00:00', 0),
(270, 58, 'Culinary Skills', '2025-12-07 15:00:00', 0),
(271, 58, 'Menu Planning', '2025-12-07 15:00:00', 0),
(272, 58, 'Food Safety & Hygiene', '2025-12-07 15:00:00', 0),
(273, 58, 'Beverage Knowledge', '2025-12-07 15:00:00', 0),
(274, 58, 'Restaurant Operations', '2025-12-07 15:00:00', 0),
(275, 58, 'Kitchen Management', '2025-12-07 15:00:00', 0),
(276, 59, 'Circuit Assembly', '2025-12-07 15:00:00', 0),
(277, 59, 'PCB Design', '2025-12-07 15:00:00', 0),
(278, 59, 'Electronic Testing', '2025-12-07 15:00:00', 0),
(279, 59, 'Soldering', '2025-12-07 15:00:00', 0),
(280, 59, 'Troubleshooting', '2025-12-07 15:00:00', 0),
(281, 59, 'Quality Inspection', '2025-12-07 15:00:00', 0),
(282, 60, 'Vehicle Maintenance', '2025-12-07 15:00:00', 0),
(283, 60, 'Diagnostics', '2025-12-07 15:00:00', 0),
(284, 60, 'Engine Repair', '2025-12-07 15:00:00', 0),
(285, 60, 'Automotive Electronics', '2025-12-07 15:00:00', 0),
(286, 60, 'Parts Management', '2025-12-07 15:00:00', 0),
(287, 60, 'Manufacturing Processes', '2025-12-07 15:00:00', 0),
(288, 61, 'Pattern Making', '2025-12-07 15:00:00', 0),
(289, 61, 'Sewing', '2025-12-07 15:00:00', 0),
(290, 61, 'Textile Knowledge', '2025-12-07 15:00:00', 0),
(291, 61, 'Quality Control', '2025-12-07 15:00:00', 0),
(292, 61, 'Fashion Design', '2025-12-07 15:00:00', 0),
(293, 61, 'Production Management', '2025-12-07 15:00:00', 0),
(294, 62, 'Chemical Processing', '2025-12-07 15:00:00', 0),
(295, 62, 'Laboratory Skills', '2025-12-07 15:00:00', 0),
(296, 62, 'Safety Protocols', '2025-12-07 15:00:00', 0),
(297, 62, 'Quality Assurance', '2025-12-07 15:00:00', 0),
(298, 62, 'Chemical Analysis', '2025-12-07 15:00:00', 0),
(299, 62, 'Process Optimization', '2025-12-07 15:00:00', 0),
(300, 63, 'Freight Management', '2025-12-07 15:00:00', 0),
(301, 63, 'Documentation', '2025-12-07 15:00:00', 0),
(302, 63, 'Customs Regulations', '2025-12-07 15:00:00', 0),
(303, 63, 'Route Planning', '2025-12-07 15:00:00', 0),
(304, 63, 'Cargo Handling', '2025-12-07 15:00:00', 0),
(305, 63, 'Logistics Coordination', '2025-12-07 15:00:00', 0),
(306, 64, 'Inventory Management', '2025-12-07 15:00:00', 0),
(307, 64, 'Procurement', '2025-12-07 15:00:00', 0),
(308, 64, 'Vendor Management', '2025-12-07 15:00:00', 0),
(309, 64, 'Demand Forecasting', '2025-12-07 15:00:00', 0),
(310, 64, 'ERP Systems', '2025-12-07 15:00:00', 0),
(311, 64, 'Supply Chain Analytics', '2025-12-07 15:00:00', 0),
(312, 65, 'Route Optimization', '2025-12-07 15:00:00', 0),
(313, 65, 'Fleet Management', '2025-12-07 15:00:00', 0),
(314, 65, 'GPS Systems', '2025-12-07 15:00:00', 0),
(315, 65, 'Logistics Planning', '2025-12-07 15:00:00', 0),
(316, 65, 'Delivery Management', '2025-12-07 15:00:00', 0),
(317, 65, 'Transportation Regulations', '2025-12-07 15:00:00', 0),
(318, 66, 'Warehouse Management Systems', '2025-12-07 15:00:00', 0),
(319, 66, 'Forklift Operation', '2025-12-07 15:00:00', 0),
(320, 66, 'Inventory Control', '2025-12-07 15:00:00', 0),
(321, 66, 'Order Picking', '2025-12-07 15:00:00', 0),
(322, 66, 'Stock Management', '2025-12-07 15:00:00', 0),
(323, 66, 'Safety Procedures', '2025-12-07 15:00:00', 0),
(324, 67, 'Crop Management', '2025-12-07 15:00:00', 0),
(325, 67, 'Soil Analysis', '2025-12-07 15:00:00', 0),
(326, 67, 'Irrigation Systems', '2025-12-07 15:00:00', 0),
(327, 67, 'Pest Control', '2025-12-07 15:00:00', 0),
(328, 67, 'Agricultural Equipment Operation', '2025-12-07 15:00:00', 0),
(329, 67, 'Organic Farming', '2025-12-07 15:00:00', 0),
(330, 68, 'Aquaculture', '2025-12-07 15:00:00', 0),
(331, 68, 'Fish Handling', '2025-12-07 15:00:00', 0),
(332, 68, 'Water Quality Management', '2025-12-07 15:00:00', 0),
(333, 68, 'Breeding Techniques', '2025-12-07 15:00:00', 0),
(334, 68, 'Fishing Equipment', '2025-12-07 15:00:00', 0),
(335, 68, 'Marine Biology', '2025-12-07 15:00:00', 0),
(336, 69, 'Forest Management', '2025-12-07 15:00:00', 0),
(337, 69, 'Tree Identification', '2025-12-07 15:00:00', 0),
(338, 69, 'Logging Operations', '2025-12-07 15:00:00', 0),
(339, 69, 'Conservation', '2025-12-07 15:00:00', 0),
(340, 69, 'Reforestation', '2025-12-07 15:00:00', 0),
(341, 69, 'Forest Fire Prevention', '2025-12-07 15:00:00', 0),
(342, 70, 'Solar Panel Installation', '2025-12-07 15:00:00', 0),
(343, 70, 'Wind Turbine Maintenance', '2025-12-07 15:00:00', 0),
(344, 70, 'Energy Efficiency', '2025-12-07 15:00:00', 0),
(345, 70, 'Grid Integration', '2025-12-07 15:00:00', 0),
(346, 70, 'Battery Storage Systems', '2025-12-07 15:00:00', 0),
(347, 70, 'Environmental Impact Assessment', '2025-12-07 15:00:00', 0),
(348, 71, 'Drilling Operations', '2025-12-07 15:00:00', 0),
(349, 71, 'Pipeline Management', '2025-12-07 15:00:00', 0),
(350, 71, 'Petroleum Engineering', '2025-12-07 15:00:00', 0),
(351, 71, 'Safety Management', '2025-12-07 15:00:00', 0),
(352, 71, 'Production Operations', '2025-12-07 15:00:00', 0),
(353, 71, 'Refinery Processes', '2025-12-07 15:00:00', 0),
(354, 72, 'Water Treatment', '2025-12-07 15:00:00', 0),
(355, 72, 'Quality Testing', '2025-12-07 15:00:00', 0),
(356, 72, 'Distribution Systems', '2025-12-07 15:00:00', 0),
(357, 72, 'Wastewater Management', '2025-12-07 15:00:00', 0),
(358, 72, 'Pump Operations', '2025-12-07 15:00:00', 0),
(359, 72, 'Environmental Compliance', '2025-12-07 15:00:00', 0),
(360, 73, 'Network Configuration', '2025-12-07 15:00:00', 0),
(361, 73, 'Fiber Optics', '2025-12-07 15:00:00', 0),
(362, 73, 'Wireless Technologies', '2025-12-07 15:00:00', 0),
(363, 73, 'VoIP Systems', '2025-12-07 15:00:00', 0),
(364, 73, 'Network Security', '2025-12-07 15:00:00', 0),
(365, 73, 'Troubleshooting', '2025-12-07 15:00:00', 0);

-- --------------------------------------------------------

--
-- Table structure for table `skill_synonyms`
--

CREATE TABLE `skill_synonyms` (
  `synonym_id` bigint(20) NOT NULL,
  `skill_id` bigint(20) NOT NULL,
  `synonym` varchar(255) NOT NULL
) ENGINE=InnoDB DEFAULT CHARSET=utf8mb4 COLLATE=utf8mb4_general_ci;

-- --------------------------------------------------------

--
-- Table structure for table `user`
--

CREATE TABLE `user` (
  `user_id` int(11) NOT NULL,
  `user_type_id` int(11) NOT NULL,
  `user_status_id` int(11) NOT NULL,
  `user_email` varchar(100) NOT NULL,
  `display_name` varchar(255) DEFAULT NULL,
  `user_password` varchar(255) NOT NULL,
  `user_created_at` datetime NOT NULL,
  `twofa_code` varchar(6) DEFAULT NULL,
  `twofa_expires` datetime DEFAULT NULL,
  `activation_token` varchar(255) DEFAULT NULL,
  `token_expires_at` datetime DEFAULT NULL,
  `twofa_enabled` tinyint(1) NOT NULL DEFAULT 0
) ENGINE=InnoDB DEFAULT CHARSET=utf8mb4 COLLATE=utf8mb4_general_ci;

--
-- Dumping data for table `user`
--

INSERT INTO `user` (`user_id`, `user_type_id`, `user_status_id`, `user_email`, `display_name`, `user_password`, `user_created_at`, `twofa_code`, `twofa_expires`, `activation_token`, `token_expires_at`, `twofa_enabled`) VALUES
(88, 1, 1, 'admin@admin.com', 'AdminName', '$2y$10$VQ8UNp.JWmUETFfkAUhhUeuoXFx3licGjKH.cA/oJCPpg/AGeilfa', '2025-12-17 03:46:25', NULL, NULL, NULL, NULL, 0),
(89, 2, 1, 'clintjohnmaslog6@gmail.com', 'Clint', '$2y$10$ixIgyABtEKqg8qlfjezXvuZ4qV8o7eDRewWkVkW4xqv4xE9wii9vC', '2025-12-17 03:53:26', NULL, NULL, NULL, NULL, 0),
(90, 3, 1, 'dranrevsmith@gmail.com', NULL, '$2y$10$22n58r62aLWjVE2SITFvpOvafq2sSCzyImmq71RuTBQZU5E5BBgFK', '2025-12-17 04:01:14', NULL, NULL, NULL, NULL, 0),
(91, 2, 1, '23bgu0368_ms@psu.edu.ph', 'Marcc', '$2y$10$Btyrl8l3S7zuxVWr2kjcZet39ulLLpW3Eglv1VDk5yYS6291jnohm', '2025-12-17 14:43:15', NULL, NULL, NULL, NULL, 0),
(92, 3, 1, 'caralos2000@gmail.com', NULL, '$2y$10$SdY1l7xg.Jp/toKnG3PLvO8GL8vvrCP4X4bDAXbNfx3W7RGYnyPki', '2025-12-17 16:44:21', NULL, NULL, NULL, NULL, 0);

-- --------------------------------------------------------

--
-- Table structure for table `user_2fa`
--

CREATE TABLE `user_2fa` (
  `fa_id` int(11) NOT NULL,
  `user_id` int(11) NOT NULL,
  `method` enum('sms','email','auth_app') NOT NULL,
  `secret_key` varchar(255) NOT NULL,
  `is_enabled` tinyint(1) DEFAULT 0,
  `last_used_at` timestamp NULL DEFAULT NULL
) ENGINE=InnoDB DEFAULT CHARSET=utf8mb4 COLLATE=utf8mb4_general_ci;

-- --------------------------------------------------------

--
-- Table structure for table `user_profile`
--

CREATE TABLE `user_profile` (
  `user_profile_id` int(11) NOT NULL,
  `user_id` int(11) NOT NULL,
  `user_status_id` int(11) NOT NULL DEFAULT 0,
  `user_profile_first_name` varchar(50) NOT NULL,
  `user_profile_middle_name` varchar(50) DEFAULT NULL,
  `user_profile_last_name` varchar(50) NOT NULL,
  `user_profile_extension_name` varchar(10) DEFAULT NULL,
  `user_profile_dob` date DEFAULT NULL,
  `user_profile_email_address` varchar(100) NOT NULL,
  `user_profile_contact_no` varchar(20) DEFAULT NULL,
  `user_profile_created_at` datetime NOT NULL,
  `user_profile_updated_at` datetime NOT NULL,
  `user_profile_gender` varchar(10) DEFAULT NULL,
  `user_profile_photo` varchar(255) DEFAULT NULL
) ENGINE=InnoDB DEFAULT CHARSET=utf8mb4 COLLATE=utf8mb4_general_ci;

--
-- Dumping data for table `user_profile`
--

INSERT INTO `user_profile` (`user_profile_id`, `user_id`, `user_status_id`, `user_profile_first_name`, `user_profile_middle_name`, `user_profile_last_name`, `user_profile_extension_name`, `user_profile_dob`, `user_profile_email_address`, `user_profile_contact_no`, `user_profile_created_at`, `user_profile_updated_at`, `user_profile_gender`, `user_profile_photo`) VALUES
(70, 89, 0, 'Clint John', 'Castro', 'Maslog', NULL, '2005-03-26', 'clintjohnmaslog6@gmail.com', '09359115503', '2025-12-17 03:53:26', '2025-12-17 15:46:38', NULL, 'PIC_89_1765957598.png'),
(71, 90, 0, 'Dranrev', 'Ilumin', 'Catalan', NULL, NULL, 'dranrevsmith@gmail.com', NULL, '2025-12-17 04:01:14', '2025-12-16 00:00:00', NULL, NULL),
(72, 91, 0, 'Marc', 'na', 'Mendoza', NULL, '2005-04-12', '23bgu0368_ms@psu.edu.ph', NULL, '2025-12-17 14:43:15', '0000-00-00 00:00:00', '', NULL),
(73, 92, 0, 'Edilberto', '', 'Caralos', NULL, NULL, 'caralos2000@gmail.com', NULL, '2025-12-17 16:44:21', '0000-00-00 00:00:00', NULL, NULL);

-- --------------------------------------------------------

--
-- Table structure for table `user_status`
--

CREATE TABLE `user_status` (
  `user_status_id` int(11) NOT NULL,
  `user_status_description` varchar(50) NOT NULL,
  `user_status_created_at` date NOT NULL,
  `user_status_updated_at` date NOT NULL,
  `is_archived` tinyint(1) NOT NULL DEFAULT 0
) ENGINE=InnoDB DEFAULT CHARSET=utf8mb4 COLLATE=utf8mb4_general_ci;

--
-- Dumping data for table `user_status`
--

INSERT INTO `user_status` (`user_status_id`, `user_status_description`, `user_status_created_at`, `user_status_updated_at`, `is_archived`) VALUES
(0, 'Pending', '0000-00-00', '2025-12-07', 0),
(1, 'Active', '0000-00-00', '2025-12-07', 0),
(2, 'Deactivated', '0000-00-00', '2025-12-07', 0),
(3, 'Blocked', '0000-00-00', '2025-12-07', 0);

-- --------------------------------------------------------

--
-- Table structure for table `user_type`
--

CREATE TABLE `user_type` (
  `user_type_id` int(11) NOT NULL,
  `user_type_name` varchar(50) NOT NULL,
  `user_type_created_at` date NOT NULL,
  `user_type_updated_at` date NOT NULL
) ENGINE=InnoDB DEFAULT CHARSET=utf8mb4 COLLATE=utf8mb4_general_ci;

--
-- Dumping data for table `user_type`
--

INSERT INTO `user_type` (`user_type_id`, `user_type_name`, `user_type_created_at`, `user_type_updated_at`) VALUES
(1, 'admin', '0000-00-00', '0000-00-00'),
(2, 'applicant', '0000-00-00', '0000-00-00'),
(3, 'employer', '0000-00-00', '0000-00-00');

-- --------------------------------------------------------

--
-- Table structure for table `user_verifications`
--

CREATE TABLE `user_verifications` (
  `verification_id` int(11) NOT NULL,
  `user_id` int(11) NOT NULL,
  `verification_code` varchar(100) NOT NULL,
  `verification_type` enum('email','phone') NOT NULL,
  `is_verified` tinyint(1) NOT NULL DEFAULT 0,
  `created_at` timestamp NOT NULL DEFAULT current_timestamp(),
  `expires_at` timestamp NULL DEFAULT NULL,
  `verified_at` timestamp NULL DEFAULT NULL
) ENGINE=InnoDB DEFAULT CHARSET=utf8mb4 COLLATE=utf8mb4_general_ci;

-- --------------------------------------------------------

--
-- Table structure for table `work_experience`
--

CREATE TABLE `work_experience` (
  `work_id` int(11) NOT NULL,
  `resume_id` int(11) NOT NULL,
  `job_title` varchar(100) NOT NULL,
  `company_name` varchar(150) NOT NULL,
  `description` text DEFAULT NULL,
  `start_date` date NOT NULL,
  `end_date` date DEFAULT NULL
) ENGINE=InnoDB DEFAULT CHARSET=utf8mb4 COLLATE=utf8mb4_general_ci;

-- --------------------------------------------------------

--
-- Table structure for table `work_setup`
--

CREATE TABLE `work_setup` (
  `work_setup_id` int(11) NOT NULL,
  `work_setup_name` varchar(50) NOT NULL,
  `created_at` timestamp NOT NULL DEFAULT current_timestamp(),
  `is_archived` tinyint(1) NOT NULL DEFAULT 0
) ENGINE=InnoDB DEFAULT CHARSET=utf8mb4 COLLATE=utf8mb4_general_ci;

--
-- Dumping data for table `work_setup`
--

INSERT INTO `work_setup` (`work_setup_id`, `work_setup_name`, `created_at`, `is_archived`) VALUES
(1, 'On-site', '2025-12-07 15:42:09', 0),
(2, 'Hybrid', '2025-12-07 15:42:09', 0),
(3, 'Remote', '2025-12-07 15:42:09', 0);

--
-- Indexes for dumped tables
--

--
-- Indexes for table `admin_logs`
--
ALTER TABLE `admin_logs`
  ADD PRIMARY KEY (`log_id`),
  ADD KEY `fk_admin` (`admin_id`);

--
-- Indexes for table `applicant_achievements`
--
ALTER TABLE `applicant_achievements`
  ADD PRIMARY KEY (`achievement_id`),
  ADD KEY `fk_achievements_resume` (`resume_id`);

--
-- Indexes for table `applicant_education`
--
ALTER TABLE `applicant_education`
  ADD PRIMARY KEY (`applicant_education_id`),
  ADD KEY `fk_applicant_education_level` (`education_level_id`),
  ADD KEY `idx_app_edu_resume` (`resume_id`);

--
-- Indexes for table `applicant_experience`
--
ALTER TABLE `applicant_experience`
  ADD PRIMARY KEY (`experience_id`),
  ADD KEY `fk_applicant_experience_level` (`experience_level_id`),
  ADD KEY `idx_app_exp_resume` (`resume_id`);

--
-- Indexes for table `applicant_job_swipes`
--
ALTER TABLE `applicant_job_swipes`
  ADD PRIMARY KEY (`swipe_id`),
  ADD UNIQUE KEY `uniq_applicant_job` (`applicant_id`,`job_post_id`),
  ADD KEY `applicant_id` (`applicant_id`),
  ADD KEY `job_post_id` (`job_post_id`);

--
-- Indexes for table `applicant_location`
--
ALTER TABLE `applicant_location`
  ADD PRIMARY KEY (`applicant_location_id`),
  ADD KEY `fk_applicant_location_city_mun` (`city_mun_id`),
  ADD KEY `fk_applicant_location_barangay` (`barangay_id`),
  ADD KEY `idx_app_location_resume` (`resume_id`);

--
-- Indexes for table `applicant_skills`
--
ALTER TABLE `applicant_skills`
  ADD PRIMARY KEY (`applicant_skills_id`),
  ADD KEY `job_category_id` (`job_category_id`),
  ADD KEY `skill_id` (`skill_id`),
  ADD KEY `fk_applicant_skills_resume` (`resume_id`);

--
-- Indexes for table `application`
--
ALTER TABLE `application`
  ADD PRIMARY KEY (`application_id`),
  ADD KEY `idx_application_job_post` (`job_post_id`),
  ADD KEY `idx_application_applicant` (`applicant_id`);

--
-- Indexes for table `application_status_history`
--
ALTER TABLE `application_status_history`
  ADD PRIMARY KEY (`history_id`),
  ADD KEY `application_id` (`application_id`),
  ADD KEY `changed_by` (`changed_by`);

--
-- Indexes for table `barangay`
--
ALTER TABLE `barangay`
  ADD PRIMARY KEY (`barangay_id`),
  ADD KEY `fk_barangay_city_mun` (`city_mun_id`);

--
-- Indexes for table `certification`
--
ALTER TABLE `certification`
  ADD PRIMARY KEY (`cert_id`),
  ADD KEY `fk_cert_resume` (`resume_id`);

--
-- Indexes for table `city_mun`
--
ALTER TABLE `city_mun`
  ADD PRIMARY KEY (`city_mun_id`);

--
-- Indexes for table `company`
--
ALTER TABLE `company`
  ADD PRIMARY KEY (`company_id`),
  ADD KEY `fk_company_user` (`user_id`);

--
-- Indexes for table `default_questions`
--
ALTER TABLE `default_questions`
  ADD PRIMARY KEY (`default_question_id`);

--
-- Indexes for table `education`
--
ALTER TABLE `education`
  ADD PRIMARY KEY (`education_id`),
  ADD KEY `fk_education_resume` (`resume_id`),
  ADD KEY `fk_education_educationlevel` (`education_level_id`);

--
-- Indexes for table `education_level`
--
ALTER TABLE `education_level`
  ADD PRIMARY KEY (`education_level_id`);

--
-- Indexes for table `employer_applicant_swipes`
--
ALTER TABLE `employer_applicant_swipes`
  ADD PRIMARY KEY (`swipe_id`),
  ADD KEY `employer_id` (`employer_id`),
  ADD KEY `applicant_id` (`applicant_id`),
  ADD KEY `fk_eas_job_post` (`job_post_id`);

--
-- Indexes for table `experience_level`
--
ALTER TABLE `experience_level`
  ADD PRIMARY KEY (`experience_level_id`);

--
-- Indexes for table `industry`
--
ALTER TABLE `industry`
  ADD PRIMARY KEY (`industry_id`),
  ADD UNIQUE KEY `industry_name` (`industry_name`);

--
-- Indexes for table `interactions`
--
ALTER TABLE `interactions`
  ADD PRIMARY KEY (`interaction_id`),
  ADD UNIQUE KEY `user_id` (`user_id`,`job_post_id`),
  ADD KEY `job_post_id` (`job_post_id`);

--
-- Indexes for table `interaction_history`
--
ALTER TABLE `interaction_history`
  ADD PRIMARY KEY (`history_id`),
  ADD KEY `user_id` (`user_id`),
  ADD KEY `job_post_id` (`job_post_id`);

--
-- Indexes for table `interview_schedule`
--
ALTER TABLE `interview_schedule`
  ADD PRIMARY KEY (`interview_id`),
  ADD KEY `application_id` (`application_id`),
  ADD KEY `employer_id` (`employer_id`),
  ADD KEY `applicant_id` (`applicant_id`),
  ADD KEY `job_post_id` (`job_post_id`);

--
-- Indexes for table `job_category`
--
ALTER TABLE `job_category`
  ADD PRIMARY KEY (`job_category_id`),
  ADD KEY `fk_jobcategory_industry` (`industry_id`);

--
-- Indexes for table `job_likes`
--
ALTER TABLE `job_likes`
  ADD PRIMARY KEY (`job_like_id`),
  ADD KEY `user_id` (`user_id`),
  ADD KEY `job_id` (`job_post_id`);

--
-- Indexes for table `job_post`
--
ALTER TABLE `job_post`
  ADD PRIMARY KEY (`job_post_id`),
  ADD KEY `fk_job_company` (`company_id`),
  ADD KEY `idx_job_post_job_type_id` (`job_type_id`),
  ADD KEY `idx_job_post_job_status_id` (`job_status_id`),
  ADD KEY `fk_jobpost_experience_level` (`experience_level_id`),
  ADD KEY `fk_jobpost_education_level` (`education_level_id`),
  ADD KEY `fk_jobpost_work_setup` (`work_setup_id`),
  ADD KEY `idx_job_post_job_location` (`job_location_id`),
  ADD KEY `idx_job_post_user` (`user_id`),
  ADD KEY `job_post_ibfk_job_category` (`job_category_id`);

--
-- Indexes for table `job_post_answer`
--
ALTER TABLE `job_post_answer`
  ADD PRIMARY KEY (`answer_id`),
  ADD KEY `idx_answer_application` (`application_id`),
  ADD KEY `fk_answer_default_question` (`default_question_id`);

--
-- Indexes for table `job_post_location`
--
ALTER TABLE `job_post_location`
  ADD PRIMARY KEY (`job_location_id`),
  ADD KEY `idx_job_post_location_city_mun` (`city_mun_id`),
  ADD KEY `idx_job_post_location_barangay` (`barangay_id`),
  ADD KEY `fk_job_post_location_job_post` (`job_post_id`);

--
-- Indexes for table `job_post_skills`
--
ALTER TABLE `job_post_skills`
  ADD PRIMARY KEY (`job_skill_id`),
  ADD KEY `job_post_id` (`job_post_id`),
  ADD KEY `skill_id` (`skill_id`),
  ADD KEY `job_post_skills_ibfk_3` (`job_category_id`);

--
-- Indexes for table `job_status`
--
ALTER TABLE `job_status`
  ADD PRIMARY KEY (`job_status_id`);

--
-- Indexes for table `job_type`
--
ALTER TABLE `job_type`
  ADD PRIMARY KEY (`job_type_id`),
  ADD UNIQUE KEY `job_type_name` (`job_type_name`);

--
-- Indexes for table `like_history`
--
ALTER TABLE `like_history`
  ADD PRIMARY KEY (`like_id`),
  ADD KEY `fk_like_from` (`user_id_from`),
  ADD KEY `fk_like_to` (`user_id_to`),
  ADD KEY `fk_like_job` (`job_id`);

--
-- Indexes for table `login_attempts`
--
ALTER TABLE `login_attempts`
  ADD PRIMARY KEY (`attempt_id`),
  ADD KEY `user_id` (`user_id`);

--
-- Indexes for table `matches`
--
ALTER TABLE `matches`
  ADD PRIMARY KEY (`match_id`),
  ADD KEY `applicant_id` (`applicant_id`),
  ADD KEY `employer_id` (`employer_id`),
  ADD KEY `job_post_id` (`job_post_id`);

--
-- Indexes for table `notifications`
--
ALTER TABLE `notifications`
  ADD PRIMARY KEY (`notification_id`),
  ADD KEY `receiver_id` (`receiver_id`),
  ADD KEY `notification_type` (`notification_type`),
  ADD KEY `is_read` (`is_read`);

--
-- Indexes for table `password_resets`
--
ALTER TABLE `password_resets`
  ADD PRIMARY KEY (`reset_id`),
  ADD UNIQUE KEY `reset_token` (`reset_token`),
  ADD KEY `fk_password_resets_user` (`user_id`);

--
-- Indexes for table `portfolio`
--
ALTER TABLE `portfolio`
  ADD PRIMARY KEY (`portfolio_id`),
  ADD KEY `fk_portfolio_resume` (`resume_id`);

--
-- Indexes for table `proficiency_level`
--
ALTER TABLE `proficiency_level`
  ADD PRIMARY KEY (`proficiency_id`);

--
-- Indexes for table `report`
--
ALTER TABLE `report`
  ADD PRIMARY KEY (`report_id`),
  ADD KEY `fk_report_by` (`reported_by`),
  ADD KEY `fk_reported_user` (`reported_user`);

--
-- Indexes for table `resume`
--
ALTER TABLE `resume`
  ADD PRIMARY KEY (`resume_id`),
  ADD KEY `fk_resume_user` (`user_id`),
  ADD KEY `achievement_id` (`achievement_id`);

--
-- Indexes for table `resume_experiences`
--
ALTER TABLE `resume_experiences`
  ADD PRIMARY KEY (`exp_id`),
  ADD KEY `user_id` (`user_id`),
  ADD KEY `resume_id` (`resume_id`),
  ADD KEY `fk_resume_exp_experience_level` (`experience_level_id`);

--
-- Indexes for table `resume_preference`
--
ALTER TABLE `resume_preference`
  ADD PRIMARY KEY (`resume_preference_id`),
  ADD KEY `fk_rp_resume` (`resume_id`),
  ADD KEY `fk_rp_job_type` (`job_type_id`),
  ADD KEY `fk_rp_industry` (`industry_id`);

--
-- Indexes for table `sessions`
--
ALTER TABLE `sessions`
  ADD PRIMARY KEY (`session_id`),
  ADD UNIQUE KEY `token` (`token`),
  ADD KEY `fk_sessions_user` (`user_id`);

--
-- Indexes for table `skills`
--
ALTER TABLE `skills`
  ADD PRIMARY KEY (`skill_id`),
  ADD KEY `idx_skills_job_category_id` (`job_category_id`);

--
-- Indexes for table `skill_synonyms`
--
ALTER TABLE `skill_synonyms`
  ADD PRIMARY KEY (`synonym_id`),
  ADD UNIQUE KEY `skill_id` (`skill_id`,`synonym`);

--
-- Indexes for table `user`
--
ALTER TABLE `user`
  ADD PRIMARY KEY (`user_id`),
  ADD UNIQUE KEY `user_username` (`user_email`),
  ADD KEY `fk_user_type` (`user_type_id`),
  ADD KEY `fk_user_status` (`user_status_id`);

--
-- Indexes for table `user_2fa`
--
ALTER TABLE `user_2fa`
  ADD PRIMARY KEY (`fa_id`),
  ADD KEY `user_id` (`user_id`);

--
-- Indexes for table `user_profile`
--
ALTER TABLE `user_profile`
  ADD PRIMARY KEY (`user_profile_id`),
  ADD UNIQUE KEY `user_profile_email_address` (`user_profile_email_address`),
  ADD KEY `fk_user_profile` (`user_id`);

--
-- Indexes for table `user_status`
--
ALTER TABLE `user_status`
  ADD PRIMARY KEY (`user_status_id`);

--
-- Indexes for table `user_type`
--
ALTER TABLE `user_type`
  ADD PRIMARY KEY (`user_type_id`);

--
-- Indexes for table `user_verifications`
--
ALTER TABLE `user_verifications`
  ADD PRIMARY KEY (`verification_id`),
  ADD KEY `fk_user_verifications_user` (`user_id`);

--
-- Indexes for table `work_experience`
--
ALTER TABLE `work_experience`
  ADD PRIMARY KEY (`work_id`),
  ADD KEY `fk_work_resume` (`resume_id`);

--
-- Indexes for table `work_setup`
--
ALTER TABLE `work_setup`
  ADD PRIMARY KEY (`work_setup_id`);

--
-- AUTO_INCREMENT for dumped tables
--

--
-- AUTO_INCREMENT for table `admin_logs`
--
ALTER TABLE `admin_logs`
  MODIFY `log_id` int(11) NOT NULL AUTO_INCREMENT, AUTO_INCREMENT=81;

--
-- AUTO_INCREMENT for table `applicant_achievements`
--
ALTER TABLE `applicant_achievements`
  MODIFY `achievement_id` int(11) NOT NULL AUTO_INCREMENT, AUTO_INCREMENT=9;

--
-- AUTO_INCREMENT for table `applicant_education`
--
ALTER TABLE `applicant_education`
  MODIFY `applicant_education_id` int(11) NOT NULL AUTO_INCREMENT, AUTO_INCREMENT=22;

--
-- AUTO_INCREMENT for table `applicant_experience`
--
ALTER TABLE `applicant_experience`
  MODIFY `experience_id` int(11) NOT NULL AUTO_INCREMENT, AUTO_INCREMENT=34;

--
-- AUTO_INCREMENT for table `applicant_job_swipes`
--
ALTER TABLE `applicant_job_swipes`
  MODIFY `swipe_id` int(11) NOT NULL AUTO_INCREMENT, AUTO_INCREMENT=110;

--
-- AUTO_INCREMENT for table `applicant_location`
--
ALTER TABLE `applicant_location`
  MODIFY `applicant_location_id` int(11) NOT NULL AUTO_INCREMENT, AUTO_INCREMENT=9;

--
-- AUTO_INCREMENT for table `applicant_skills`
--
ALTER TABLE `applicant_skills`
  MODIFY `applicant_skills_id` int(11) NOT NULL AUTO_INCREMENT, AUTO_INCREMENT=23;

--
-- AUTO_INCREMENT for table `application`
--
ALTER TABLE `application`
  MODIFY `application_id` int(11) NOT NULL AUTO_INCREMENT, AUTO_INCREMENT=29;

--
-- AUTO_INCREMENT for table `application_status_history`
--
ALTER TABLE `application_status_history`
  MODIFY `history_id` int(11) NOT NULL AUTO_INCREMENT;

--
-- AUTO_INCREMENT for table `certification`
--
ALTER TABLE `certification`
  MODIFY `cert_id` int(11) NOT NULL AUTO_INCREMENT;

--
-- AUTO_INCREMENT for table `company`
--
ALTER TABLE `company`
  MODIFY `company_id` int(11) NOT NULL AUTO_INCREMENT, AUTO_INCREMENT=5;

--
-- AUTO_INCREMENT for table `default_questions`
--
ALTER TABLE `default_questions`
  MODIFY `default_question_id` int(11) NOT NULL AUTO_INCREMENT, AUTO_INCREMENT=4;

--
-- AUTO_INCREMENT for table `education`
--
ALTER TABLE `education`
  MODIFY `education_id` int(11) NOT NULL AUTO_INCREMENT;

--
-- AUTO_INCREMENT for table `education_level`
--
ALTER TABLE `education_level`
  MODIFY `education_level_id` int(11) NOT NULL AUTO_INCREMENT, AUTO_INCREMENT=17;

--
-- AUTO_INCREMENT for table `employer_applicant_swipes`
--
ALTER TABLE `employer_applicant_swipes`
  MODIFY `swipe_id` int(11) NOT NULL AUTO_INCREMENT, AUTO_INCREMENT=69;

--
-- AUTO_INCREMENT for table `experience_level`
--
ALTER TABLE `experience_level`
  MODIFY `experience_level_id` int(11) NOT NULL AUTO_INCREMENT, AUTO_INCREMENT=6;

--
-- AUTO_INCREMENT for table `industry`
--
ALTER TABLE `industry`
  MODIFY `industry_id` int(11) NOT NULL AUTO_INCREMENT, AUTO_INCREMENT=15;

--
-- AUTO_INCREMENT for table `interactions`
--
ALTER TABLE `interactions`
  MODIFY `interaction_id` bigint(20) NOT NULL AUTO_INCREMENT, AUTO_INCREMENT=7;

--
-- AUTO_INCREMENT for table `interaction_history`
--
ALTER TABLE `interaction_history`
  MODIFY `history_id` bigint(20) NOT NULL AUTO_INCREMENT;

--
-- AUTO_INCREMENT for table `interview_schedule`
--
ALTER TABLE `interview_schedule`
  MODIFY `interview_id` int(11) NOT NULL AUTO_INCREMENT, AUTO_INCREMENT=19;

--
-- AUTO_INCREMENT for table `job_category`
--
ALTER TABLE `job_category`
  MODIFY `job_category_id` int(11) NOT NULL AUTO_INCREMENT, AUTO_INCREMENT=75;

--
-- AUTO_INCREMENT for table `job_likes`
--
ALTER TABLE `job_likes`
  MODIFY `job_like_id` int(11) NOT NULL AUTO_INCREMENT, AUTO_INCREMENT=2;

--
-- AUTO_INCREMENT for table `job_post`
--
ALTER TABLE `job_post`
  MODIFY `job_post_id` int(11) NOT NULL AUTO_INCREMENT, AUTO_INCREMENT=56;

--
-- AUTO_INCREMENT for table `job_post_answer`
--
ALTER TABLE `job_post_answer`
  MODIFY `answer_id` int(11) NOT NULL AUTO_INCREMENT, AUTO_INCREMENT=85;

--
-- AUTO_INCREMENT for table `job_post_location`
--
ALTER TABLE `job_post_location`
  MODIFY `job_location_id` int(11) NOT NULL AUTO_INCREMENT, AUTO_INCREMENT=46;

--
-- AUTO_INCREMENT for table `job_post_skills`
--
ALTER TABLE `job_post_skills`
  MODIFY `job_skill_id` bigint(20) NOT NULL AUTO_INCREMENT, AUTO_INCREMENT=122;

--
-- AUTO_INCREMENT for table `job_type`
--
ALTER TABLE `job_type`
  MODIFY `job_type_id` int(11) NOT NULL AUTO_INCREMENT, AUTO_INCREMENT=8;

--
-- AUTO_INCREMENT for table `like_history`
--
ALTER TABLE `like_history`
  MODIFY `like_id` int(11) NOT NULL AUTO_INCREMENT;

--
-- AUTO_INCREMENT for table `login_attempts`
--
ALTER TABLE `login_attempts`
  MODIFY `attempt_id` int(11) NOT NULL AUTO_INCREMENT;

--
-- AUTO_INCREMENT for table `matches`
--
ALTER TABLE `matches`
  MODIFY `match_id` int(11) NOT NULL AUTO_INCREMENT, AUTO_INCREMENT=46;

--
-- AUTO_INCREMENT for table `notifications`
--
ALTER TABLE `notifications`
  MODIFY `notification_id` int(11) NOT NULL AUTO_INCREMENT, AUTO_INCREMENT=142;

--
-- AUTO_INCREMENT for table `password_resets`
--
ALTER TABLE `password_resets`
  MODIFY `reset_id` int(11) NOT NULL AUTO_INCREMENT;

--
-- AUTO_INCREMENT for table `portfolio`
--
ALTER TABLE `portfolio`
  MODIFY `portfolio_id` int(11) NOT NULL AUTO_INCREMENT;

--
-- AUTO_INCREMENT for table `proficiency_level`
--
ALTER TABLE `proficiency_level`
  MODIFY `proficiency_id` int(11) NOT NULL AUTO_INCREMENT, AUTO_INCREMENT=5;

--
-- AUTO_INCREMENT for table `report`
--
ALTER TABLE `report`
  MODIFY `report_id` int(11) NOT NULL AUTO_INCREMENT;

--
-- AUTO_INCREMENT for table `resume`
--
ALTER TABLE `resume`
  MODIFY `resume_id` int(11) NOT NULL AUTO_INCREMENT, AUTO_INCREMENT=13;

--
-- AUTO_INCREMENT for table `resume_experiences`
--
ALTER TABLE `resume_experiences`
  MODIFY `exp_id` bigint(20) NOT NULL AUTO_INCREMENT;

--
-- AUTO_INCREMENT for table `resume_preference`
--
ALTER TABLE `resume_preference`
  MODIFY `resume_preference_id` int(11) NOT NULL AUTO_INCREMENT, AUTO_INCREMENT=5;

--
-- AUTO_INCREMENT for table `sessions`
--
ALTER TABLE `sessions`
  MODIFY `session_id` int(11) NOT NULL AUTO_INCREMENT;

--
-- AUTO_INCREMENT for table `skills`
--
ALTER TABLE `skills`
  MODIFY `skill_id` bigint(20) NOT NULL AUTO_INCREMENT, AUTO_INCREMENT=366;

--
-- AUTO_INCREMENT for table `skill_synonyms`
--
ALTER TABLE `skill_synonyms`
  MODIFY `synonym_id` bigint(20) NOT NULL AUTO_INCREMENT;

--
-- AUTO_INCREMENT for table `user`
--
ALTER TABLE `user`
  MODIFY `user_id` int(11) NOT NULL AUTO_INCREMENT, AUTO_INCREMENT=93;

--
-- AUTO_INCREMENT for table `user_2fa`
--
ALTER TABLE `user_2fa`
  MODIFY `fa_id` int(11) NOT NULL AUTO_INCREMENT;

--
-- AUTO_INCREMENT for table `user_profile`
--
ALTER TABLE `user_profile`
  MODIFY `user_profile_id` int(11) NOT NULL AUTO_INCREMENT, AUTO_INCREMENT=74;

--
-- AUTO_INCREMENT for table `user_status`
--
ALTER TABLE `user_status`
  MODIFY `user_status_id` int(11) NOT NULL AUTO_INCREMENT, AUTO_INCREMENT=4;

--
-- AUTO_INCREMENT for table `user_type`
--
ALTER TABLE `user_type`
  MODIFY `user_type_id` int(11) NOT NULL AUTO_INCREMENT, AUTO_INCREMENT=4;

--
-- AUTO_INCREMENT for table `user_verifications`
--
ALTER TABLE `user_verifications`
  MODIFY `verification_id` int(11) NOT NULL AUTO_INCREMENT;

--
-- AUTO_INCREMENT for table `work_experience`
--
ALTER TABLE `work_experience`
  MODIFY `work_id` int(11) NOT NULL AUTO_INCREMENT;

--
-- AUTO_INCREMENT for table `work_setup`
--
ALTER TABLE `work_setup`
  MODIFY `work_setup_id` int(11) NOT NULL AUTO_INCREMENT, AUTO_INCREMENT=4;

--
-- Constraints for dumped tables
--

--
-- Constraints for table `admin_logs`
--
ALTER TABLE `admin_logs`
  ADD CONSTRAINT `fk_admin` FOREIGN KEY (`admin_id`) REFERENCES `user` (`user_id`);

--
-- Constraints for table `applicant_achievements`
--
ALTER TABLE `applicant_achievements`
  ADD CONSTRAINT `fk_achievements_resume` FOREIGN KEY (`resume_id`) REFERENCES `resume` (`resume_id`) ON DELETE CASCADE ON UPDATE CASCADE;

--
-- Constraints for table `applicant_education`
--
ALTER TABLE `applicant_education`
  ADD CONSTRAINT `fk_app_edu_resume` FOREIGN KEY (`resume_id`) REFERENCES `resume` (`resume_id`) ON DELETE CASCADE ON UPDATE CASCADE,
  ADD CONSTRAINT `fk_applicant_education_level` FOREIGN KEY (`education_level_id`) REFERENCES `education_level` (`education_level_id`);

--
-- Constraints for table `applicant_experience`
--
ALTER TABLE `applicant_experience`
  ADD CONSTRAINT `fk_app_exp_resume` FOREIGN KEY (`resume_id`) REFERENCES `resume` (`resume_id`) ON DELETE CASCADE ON UPDATE CASCADE,
  ADD CONSTRAINT `fk_applicant_experience_level` FOREIGN KEY (`experience_level_id`) REFERENCES `experience_level` (`experience_level_id`) ON DELETE SET NULL ON UPDATE CASCADE;

--
-- Constraints for table `applicant_job_swipes`
--
ALTER TABLE `applicant_job_swipes`
  ADD CONSTRAINT `applicant_job_swipes_ibfk_1` FOREIGN KEY (`applicant_id`) REFERENCES `user` (`user_id`),
  ADD CONSTRAINT `applicant_job_swipes_ibfk_2` FOREIGN KEY (`job_post_id`) REFERENCES `job_post` (`job_post_id`);

--
-- Constraints for table `applicant_location`
--
ALTER TABLE `applicant_location`
  ADD CONSTRAINT `fk_app_location_resume` FOREIGN KEY (`resume_id`) REFERENCES `resume` (`resume_id`) ON DELETE CASCADE ON UPDATE CASCADE,
  ADD CONSTRAINT `fk_applicant_location_barangay` FOREIGN KEY (`barangay_id`) REFERENCES `barangay` (`barangay_id`) ON DELETE SET NULL ON UPDATE CASCADE,
  ADD CONSTRAINT `fk_applicant_location_city_mun` FOREIGN KEY (`city_mun_id`) REFERENCES `city_mun` (`city_mun_id`) ON UPDATE CASCADE;

--
-- Constraints for table `applicant_skills`
--
ALTER TABLE `applicant_skills`
  ADD CONSTRAINT `applicant_skills_ibfk_1` FOREIGN KEY (`job_category_id`) REFERENCES `job_category` (`job_category_id`),
  ADD CONSTRAINT `applicant_skills_ibfk_2` FOREIGN KEY (`skill_id`) REFERENCES `skills` (`skill_id`),
  ADD CONSTRAINT `fk_applicant_skills_resume` FOREIGN KEY (`resume_id`) REFERENCES `resume` (`resume_id`) ON DELETE CASCADE ON UPDATE CASCADE;

--
-- Constraints for table `application`
--
ALTER TABLE `application`
  ADD CONSTRAINT `fk_application_job_post` FOREIGN KEY (`job_post_id`) REFERENCES `job_post` (`job_post_id`) ON DELETE CASCADE ON UPDATE CASCADE,
  ADD CONSTRAINT `fk_application_user` FOREIGN KEY (`applicant_id`) REFERENCES `user` (`user_id`) ON DELETE CASCADE ON UPDATE CASCADE;

--
-- Constraints for table `application_status_history`
--
ALTER TABLE `application_status_history`
  ADD CONSTRAINT `application_status_history_ibfk_1` FOREIGN KEY (`application_id`) REFERENCES `application` (`application_id`) ON DELETE CASCADE,
  ADD CONSTRAINT `application_status_history_ibfk_2` FOREIGN KEY (`changed_by`) REFERENCES `user` (`user_id`) ON DELETE CASCADE;

--
-- Constraints for table `certification`
--
ALTER TABLE `certification`
  ADD CONSTRAINT `fk_cert_resume` FOREIGN KEY (`resume_id`) REFERENCES `resume` (`resume_id`);

--
-- Constraints for table `company`
--
ALTER TABLE `company`
  ADD CONSTRAINT `fk_company_user` FOREIGN KEY (`user_id`) REFERENCES `user` (`user_id`);

--
-- Constraints for table `education`
--
ALTER TABLE `education`
  ADD CONSTRAINT `fk_education_educationlevel` FOREIGN KEY (`education_level_id`) REFERENCES `education_level` (`education_level_id`) ON UPDATE CASCADE,
  ADD CONSTRAINT `fk_education_resume` FOREIGN KEY (`resume_id`) REFERENCES `resume` (`resume_id`);

--
-- Constraints for table `employer_applicant_swipes`
--
ALTER TABLE `employer_applicant_swipes`
  ADD CONSTRAINT `employer_applicant_swipes_ibfk_1` FOREIGN KEY (`employer_id`) REFERENCES `user` (`user_id`),
  ADD CONSTRAINT `employer_applicant_swipes_ibfk_2` FOREIGN KEY (`applicant_id`) REFERENCES `user` (`user_id`),
  ADD CONSTRAINT `fk_eas_job_post` FOREIGN KEY (`job_post_id`) REFERENCES `job_post` (`job_post_id`) ON DELETE CASCADE ON UPDATE CASCADE;

--
-- Constraints for table `interactions`
--
ALTER TABLE `interactions`
  ADD CONSTRAINT `interactions_ibfk_1` FOREIGN KEY (`user_id`) REFERENCES `user` (`user_id`),
  ADD CONSTRAINT `interactions_ibfk_2` FOREIGN KEY (`job_post_id`) REFERENCES `job_post` (`job_post_id`);

--
-- Constraints for table `interaction_history`
--
ALTER TABLE `interaction_history`
  ADD CONSTRAINT `interaction_history_ibfk_1` FOREIGN KEY (`user_id`) REFERENCES `user` (`user_id`),
  ADD CONSTRAINT `interaction_history_ibfk_2` FOREIGN KEY (`job_post_id`) REFERENCES `job_post` (`job_post_id`);

--
-- Constraints for table `interview_schedule`
--
ALTER TABLE `interview_schedule`
  ADD CONSTRAINT `fk_interview_application` FOREIGN KEY (`application_id`) REFERENCES `application` (`application_id`) ON DELETE CASCADE;

--
-- Constraints for table `job_category`
--
ALTER TABLE `job_category`
  ADD CONSTRAINT `fk_jobcategory_industry` FOREIGN KEY (`industry_id`) REFERENCES `industry` (`industry_id`) ON UPDATE CASCADE;

--
-- Constraints for table `job_post`
--
ALTER TABLE `job_post`
  ADD CONSTRAINT `fk_job_company` FOREIGN KEY (`company_id`) REFERENCES `company` (`company_id`),
  ADD CONSTRAINT `fk_job_post_job_location` FOREIGN KEY (`job_location_id`) REFERENCES `job_post_location` (`job_location_id`) ON DELETE SET NULL ON UPDATE CASCADE,
  ADD CONSTRAINT `fk_job_post_job_status` FOREIGN KEY (`job_status_id`) REFERENCES `job_status` (`job_status_id`) ON DELETE SET NULL ON UPDATE CASCADE,
  ADD CONSTRAINT `fk_job_post_job_type` FOREIGN KEY (`job_type_id`) REFERENCES `job_type` (`job_type_id`) ON DELETE SET NULL ON UPDATE CASCADE,
  ADD CONSTRAINT `fk_job_post_user` FOREIGN KEY (`user_id`) REFERENCES `user` (`user_id`) ON DELETE SET NULL ON UPDATE CASCADE,
  ADD CONSTRAINT `fk_jobpost_education_level` FOREIGN KEY (`education_level_id`) REFERENCES `education_level` (`education_level_id`) ON DELETE SET NULL ON UPDATE CASCADE,
  ADD CONSTRAINT `fk_jobpost_experience_level` FOREIGN KEY (`experience_level_id`) REFERENCES `experience_level` (`experience_level_id`) ON DELETE SET NULL ON UPDATE CASCADE,
  ADD CONSTRAINT `fk_jobpost_work_setup` FOREIGN KEY (`work_setup_id`) REFERENCES `work_setup` (`work_setup_id`) ON DELETE SET NULL ON UPDATE CASCADE,
  ADD CONSTRAINT `job_post_ibfk_job_category` FOREIGN KEY (`job_category_id`) REFERENCES `job_category` (`job_category_id`);

--
-- Constraints for table `job_post_answer`
--
ALTER TABLE `job_post_answer`
  ADD CONSTRAINT `fk_answer_application` FOREIGN KEY (`application_id`) REFERENCES `application` (`application_id`) ON DELETE CASCADE ON UPDATE CASCADE,
  ADD CONSTRAINT `fk_answer_default_question` FOREIGN KEY (`default_question_id`) REFERENCES `default_questions` (`default_question_id`) ON DELETE CASCADE ON UPDATE CASCADE;

--
-- Constraints for table `job_post_location`
--
ALTER TABLE `job_post_location`
  ADD CONSTRAINT `fk_job_post_location_barangay` FOREIGN KEY (`barangay_id`) REFERENCES `barangay` (`barangay_id`) ON DELETE SET NULL ON UPDATE CASCADE,
  ADD CONSTRAINT `fk_job_post_location_city_mun` FOREIGN KEY (`city_mun_id`) REFERENCES `city_mun` (`city_mun_id`) ON DELETE CASCADE ON UPDATE CASCADE,
  ADD CONSTRAINT `fk_job_post_location_job_post` FOREIGN KEY (`job_post_id`) REFERENCES `job_post` (`job_post_id`) ON DELETE CASCADE ON UPDATE CASCADE;

--
-- Constraints for table `job_post_skills`
--
ALTER TABLE `job_post_skills`
  ADD CONSTRAINT `job_post_skills_ibfk_1` FOREIGN KEY (`job_post_id`) REFERENCES `job_post` (`job_post_id`),
  ADD CONSTRAINT `job_post_skills_ibfk_2` FOREIGN KEY (`skill_id`) REFERENCES `skills` (`skill_id`),
  ADD CONSTRAINT `job_post_skills_ibfk_3` FOREIGN KEY (`job_category_id`) REFERENCES `job_category` (`job_category_id`);

--
-- Constraints for table `like_history`
--
ALTER TABLE `like_history`
  ADD CONSTRAINT `fk_like_from` FOREIGN KEY (`user_id_from`) REFERENCES `user` (`user_id`),
  ADD CONSTRAINT `fk_like_job` FOREIGN KEY (`job_id`) REFERENCES `job_post` (`job_post_id`),
  ADD CONSTRAINT `fk_like_to` FOREIGN KEY (`user_id_to`) REFERENCES `user` (`user_id`);

--
-- Constraints for table `login_attempts`
--
ALTER TABLE `login_attempts`
  ADD CONSTRAINT `login_attempts_ibfk_1` FOREIGN KEY (`user_id`) REFERENCES `user` (`user_id`);

--
-- Constraints for table `matches`
--
ALTER TABLE `matches`
  ADD CONSTRAINT `matches_ibfk_1` FOREIGN KEY (`applicant_id`) REFERENCES `user` (`user_id`),
  ADD CONSTRAINT `matches_ibfk_2` FOREIGN KEY (`employer_id`) REFERENCES `user` (`user_id`),
  ADD CONSTRAINT `matches_ibfk_3` FOREIGN KEY (`job_post_id`) REFERENCES `job_post` (`job_post_id`);

--
-- Constraints for table `password_resets`
--
ALTER TABLE `password_resets`
  ADD CONSTRAINT `fk_password_resets_user` FOREIGN KEY (`user_id`) REFERENCES `user` (`user_id`) ON DELETE CASCADE ON UPDATE CASCADE;

--
-- Constraints for table `portfolio`
--
ALTER TABLE `portfolio`
  ADD CONSTRAINT `fk_portfolio_resume` FOREIGN KEY (`resume_id`) REFERENCES `resume` (`resume_id`);

--
-- Constraints for table `report`
--
ALTER TABLE `report`
  ADD CONSTRAINT `fk_report_by` FOREIGN KEY (`reported_by`) REFERENCES `user` (`user_id`),
  ADD CONSTRAINT `fk_reported_user` FOREIGN KEY (`reported_user`) REFERENCES `user` (`user_id`);

--
-- Constraints for table `resume`
--
ALTER TABLE `resume`
  ADD CONSTRAINT `fk_resume_user` FOREIGN KEY (`user_id`) REFERENCES `user` (`user_id`),
  ADD CONSTRAINT `resume_ibfk_3` FOREIGN KEY (`achievement_id`) REFERENCES `applicant_achievements` (`achievement_id`);

--
-- Constraints for table `resume_experiences`
--
ALTER TABLE `resume_experiences`
  ADD CONSTRAINT `fk_resume_exp_experience_level` FOREIGN KEY (`experience_level_id`) REFERENCES `experience_level` (`experience_level_id`) ON DELETE SET NULL ON UPDATE CASCADE,
  ADD CONSTRAINT `resume_experiences_ibfk_1` FOREIGN KEY (`resume_id`) REFERENCES `resume` (`resume_id`);

--
-- Constraints for table `resume_preference`
--
ALTER TABLE `resume_preference`
  ADD CONSTRAINT `fk_rp_industry` FOREIGN KEY (`industry_id`) REFERENCES `industry` (`industry_id`),
  ADD CONSTRAINT `fk_rp_job_type` FOREIGN KEY (`job_type_id`) REFERENCES `job_type` (`job_type_id`),
  ADD CONSTRAINT `fk_rp_resume` FOREIGN KEY (`resume_id`) REFERENCES `resume` (`resume_id`) ON DELETE CASCADE;

--
-- Constraints for table `sessions`
--
ALTER TABLE `sessions`
  ADD CONSTRAINT `fk_sessions_user` FOREIGN KEY (`user_id`) REFERENCES `user` (`user_id`) ON DELETE CASCADE ON UPDATE CASCADE;

--
-- Constraints for table `skills`
--
ALTER TABLE `skills`
  ADD CONSTRAINT `fk_skills_job_category` FOREIGN KEY (`job_category_id`) REFERENCES `job_category` (`job_category_id`) ON DELETE SET NULL ON UPDATE CASCADE;

--
-- Constraints for table `skill_synonyms`
--
ALTER TABLE `skill_synonyms`
  ADD CONSTRAINT `skill_synonyms_ibfk_1` FOREIGN KEY (`skill_id`) REFERENCES `skills` (`skill_id`);

--
-- Constraints for table `user`
--
ALTER TABLE `user`
  ADD CONSTRAINT `fk_user_status` FOREIGN KEY (`user_status_id`) REFERENCES `user_status` (`user_status_id`),
  ADD CONSTRAINT `fk_user_type` FOREIGN KEY (`user_type_id`) REFERENCES `user_type` (`user_type_id`);

--
-- Constraints for table `user_2fa`
--
ALTER TABLE `user_2fa`
  ADD CONSTRAINT `user_2fa_ibfk_1` FOREIGN KEY (`user_id`) REFERENCES `user` (`user_id`);

--
-- Constraints for table `user_profile`
--
ALTER TABLE `user_profile`
  ADD CONSTRAINT `fk_user_profile` FOREIGN KEY (`user_id`) REFERENCES `user` (`user_id`);

--
-- Constraints for table `user_verifications`
--
ALTER TABLE `user_verifications`
  ADD CONSTRAINT `fk_user_verifications_user` FOREIGN KEY (`user_id`) REFERENCES `user` (`user_id`) ON DELETE CASCADE ON UPDATE CASCADE;

--
-- Constraints for table `work_experience`
--
ALTER TABLE `work_experience`
  ADD CONSTRAINT `fk_work_resume` FOREIGN KEY (`resume_id`) REFERENCES `resume` (`resume_id`);
COMMIT;

/*!40101 SET CHARACTER_SET_CLIENT=@OLD_CHARACTER_SET_CLIENT */;
/*!40101 SET CHARACTER_SET_RESULTS=@OLD_CHARACTER_SET_RESULTS */;
/*!40101 SET COLLATION_CONNECTION=@OLD_COLLATION_CONNECTION */;
